SMILES;toxicant;SMR_VSA4;fr_pyridine;fr_lactam;EState_VSA6;EState_VSA7;GATS3se;fr_thiazole;PEOE_VSA9;fr_azo;fr_HOCCN;fr_Ndealkylation1;qed;ATSC8i;fr_unbrch_alkane;PEOE_VSA8;fr_furan;fr_ArN;GATS4d;ATSC7c;GATS7d;ATSC4s;FpDensityMorgan2;fr_para_hydroxylation;EState_VSA3;MATS3Z;MATS2i;MinAbsPartialCharge
O=CC;0;0.0;0.0;0.0;0.0;0.0;1.0;0.0;0.0;0.0;0.0;0.0;0.2764154855977814;0.504458823774674;0.0;0.0;0.0;0.0;0.6324911594778526;0.4920184920347726;0.4821241726252702;0.4732233200051094;0.734806629834254;0.0;0.0;0.1710142508300733;0.0306813516634305;0.2661915218537787
O=C(Nc1ccc(O)cc1)C;0;0.0;0.0;0.0;0.2;0.0;0.6903666702328507;0.0;0.0;0.0;0.0;0.0;0.5852208459982372;0.5299464382348454;0.0;0.233184629481292;0.0;0.0;0.5992511159715027;0.6360826599386715;0.5996158156326756;0.4721121504457451;0.6926167754897036;0.0;0.1344646628073934;0.0298064079856008;0.1739721028372602;0.5068937552777182
O=C(Nc1nnc(s1)S(=O)(=O)N)C;1;0.1489488306188024;0.0;0.0;0.0;0.0;0.716063972873544;0.0;0.0;0.0;0.0;0.0;0.632609144058109;0.559049065171917;0.0;0.1280226219984588;0.0;0.0;0.5761580241852838;0.650883407025;0.844863093166261;0.5140583543536343;0.8062048448788779;0.0;0.2680312215088518;0.4238538162941697;0.1070548750158076;0.6132543348050808
O=C(NC1CCCCC1)NS(=O)(=O)c2ccc(cc2)C(=O)C;1;0.0;0.0;0.0;0.0;0.0648671438655291;0.2232041696452897;0.0;0.0922419790424266;0.0;0.0;0.0;0.8882745761568768;0.5640246156638791;0.0;0.2145864161394713;0.0;0.0;0.4888556373501432;0.6044247126639449;0.8272322418131918;0.8081876237520883;0.5660472124560522;0.0;0.1315345209110047;0.6972442095573158;0.467553486832426;0.7552554430371139
O=C(O)C=C(C=CC=C(C=CC1=C(C)CCCC1(C)C)C)C;1;0.1569489433904057;0.0;0.0;0.2142922965230516;0.1669318731255827;0.0;0.0;0.0;0.0;0.0;0.0;0.5010097100024099;0.8407260596524554;0.0;0.1123479997806657;0.0;0.0;0.6093641967586045;0.4365493889367969;0.4377561521980997;0.5692020271713549;0.6715218483174283;0.0;0.0;0.2736818610750543;0.5886201421576729;0.754468608999391
O=C(N)NC1NC(=O)NC1(=O);0;0.1661855283731985;0.0;0.0;0.0;0.146072834696726;0.6049810347019303;0.0;0.0;0.0;0.0;0.0;0.2379857493974285;0.504458823774674;0.0;0.0;0.0;0.0;0.5244702676759516;0.4793699599263505;0.0;0.4695962272580732;0.819186338523355;0.0;0.0;0.0905377118697621;0.6198124426767095;0.7429319926312976
O=C(NC(=N)N)c1nc(c(nc1(N))N)Cl;1;0.1661855283731985;0.0;0.0;0.0;0.073036417348363;0.3818295978766541;0.0;0.0;0.0;0.0;0.0;0.2112543535333515;0.511294741050304;0.0;0.0;0.0;0.6666666666666666;0.7044505212047733;0.0678129752789671;0.4523581924897715;0.7490289869665716;0.703867403314917;0.0;0.0;0.5589087767902035;0.3984826362131928;0.6434373132805731
n2c1ccccc1c(N)c3ccccc23;0;0.0;0.5;0.0;0.0;0.6666666666666666;0.3412567614398801;0.0;0.3150574518787065;0.0;0.0;0.0;0.5383747020172173;0.5355171687656125;0.0;0.1991868052525691;0.0;0.3333333333333333;0.8105500174735042;0.5074254553751805;0.2314071844869994;0.4783467575380812;0.3635359116022099;0.6666666666666666;0.0;0.7169088262142306;0.250840062331676;0.1660501036500271
O=C2NC(=O)C(c1ccc(N)cc1)(CC)CC2;1;0.0;0.0;0.0;0.2;0.2617776438730849;0.2820799397672987;0.0;0.1020306655902272;0.0;0.0;0.0;0.587678258518717;0.6683054580903733;0.0;0.2238855228103817;0.0;0.3333333333333333;0.5612713008534553;0.6542689285506005;0.4654590225109931;0.5065071129081846;0.707507312317192;0.0;0.5898796317095379;0.582859996221166;0.4479271856926263;0.5437032342163911
O=C(O)CCC(NC(=O)c1ccc(cc1)NCc2nc3c(nc2)nc(nc3(N))N)C(=O)O;1;0.0;0.0;0.0;0.2;0.0;0.2601841759162687;0.0;0.3473670360380379;0.0;0.0;0.0;0.1585791023594927;0.2763441140664852;0.0;0.3267559274467841;0.0;0.6666666666666666;0.5961331478511936;0.1388634306677968;0.4718767048435043;0.1024798727518437;0.6187845303867402;0.0;0.5542483310251546;0.5073260724264426;0.3822120496869053;0.7490530240472453
c1ccc3c(c1)C(=CCCN(C)C)c2ccccc2CC3;1;0.0;0.0;0.0;0.0;0.0;0.1494978182418277;0.0;0.0;0.0;0.0;0.0;0.8665364348946375;0.5943306269144443;0.0;0.1210151181739793;0.0;0.0;0.668865325406796;0.5143055880861869;0.6213032962183288;0.477647630051665;0.4475138121546961;0.0;0.0;0.5746250137292386;0.7552938025774467;0.0
O=C1NC(=O)C(C(=O)N1)(CC)CCC(C)C;1;0.3284744716952028;0.0;0.0;0.1141331726477019;0.1902219544128365;0.1918567559136101;0.0;0.0;0.0;0.0;0.0;0.7290068229331312;0.5832494897012002;0.0;0.0;0.0;0.0;0.4906939665118613;0.3615756396565873;0.1749325236167342;0.9118945399494915;0.5607734806629834;0.0;0.4435247314214835;0.7129730328022126;0.5935638990784458;0.6362516755840393
O=C(O)C3N2C(=O)C(NC(=O)C(N)c1ccc(O)cc1)C2SC3(C)(C);0;0.1661855283731985;0.0;1.0;0.2282663452954039;0.0;0.139808476608848;0.0;0.0;0.0;0.0;0.0;0.5311909517326422;0.4526925805753832;0.0;0.0877743108409174;0.0;0.0;0.6506415068394354;0.3828406916602545;0.6037322908310774;0.1736053373921166;0.6976795580110496;0.0;0.1315345209110047;0.1863348430636086;0.440643427723511;0.7529243517012615
O=C(O)C3N2C(=O)C(NC(=O)C(N)c1ccccc1)C2SC3(C)(C);0;0.1661855283731985;0.0;1.0;0.628266345295404;0.0833333333333333;0.1007493506203254;0.0;0.0;0.0;0.0;0.0;0.6879577004426182;0.3993141882019398;0.0;0.0877743108409174;0.0;0.0;0.694771815492142;0.2250778824507822;0.6236200502049786;0.2320965662621877;0.7154696132596684;0.0;0.1315345209110047;0.2358943575702686;0.4421420296333668;0.7529243517012615
O=C1OC(C(O)=C1(O))C(O)CO;0;0.0;0.0;0.0;0.0;0.0;0.0567392794311565;0.0;0.1244885966328238;0.0;0.0;0.0;0.3150103203310453;0.5108603504978835;0.0;0.0;0.0;0.0;0.5828889408232063;0.4318481776644488;0.0;0.3591450132143752;0.7734806629834253;0.0;0.0;0.8392022940062889;0.2136885466694255;0.8684928337911918
O=C1N=C(N=CN1C2OC(CO)C(O)C2(O))N;0;0.0;0.0;0.0;0.0;0.0;0.2672119548124763;0.0;0.1244885966328238;0.0;0.0;0.0;0.3680719225044225;0.450517406206684;0.0;0.0;0.0;0.3333333333333333;0.5685600377601396;0.5833685141507658;0.5400438902838807;0.4317069122093891;0.8167045823854401;0.0;0.0;0.6560806123098388;0.8233147420712708;0.8137703066273494
n1cccc3c1C(c2ccccc2CC3)=C4CCN(C)CC4;0;0.0;0.5;0.0;0.0918688972687333;0.0851256815059021;0.2582218747034192;0.0;0.1072864793429514;0.0;0.0;0.0;0.7654486891020028;1.0;0.0;0.4596612025883419;0.0;0.0;0.7021685780025587;0.5134642195339896;0.4122769344437825;0.4700891902000031;0.5449522852837769;0.0;0.0;0.6045061498087457;0.6250170031217176;0.168182634619593
O=C(OCC)OC(OC(=O)C3N2C(=O)C(NC(=O)C(N)c1ccccc1)C2SC3(C)(C))C;0;0.1661855283731985;0.0;1.0;0.7423995179431059;0.0833333333333333;0.269727665151622;0.0;0.1244885966328238;0.0;0.0;0.0;0.2655713999080279;0.3240489445852108;0.0;0.2157969328393762;0.0;0.0;0.7271275124278044;0.3518445193039718;0.5731736107579192;0.2663801454140458;0.6767955801104971;0.0;0.1315345209110047;0.369672614902486;0.4854235017840377;1.0
O=C1C=CC3(C(=C1)CCC2C4CC(C)C(O)(C(=O)CO)C4(C)(CC(O)C23Cl))(C);1;0.8284744716952028;0.0;0.0;0.1001591238753496;0.3687988681820461;0.071337169606918;0.0;0.206852958044872;0.0;0.0;0.0;0.6025476055320762;0.4548564364982467;0.0;0.2002506039714555;0.0;0.0;0.7035439046234869;0.6794665465632965;0.4551095075270606;0.3693049062554001;0.734806629834254;0.0;0.4554149689021446;0.7054232904297963;0.5948526951746407;0.4357474346919503
O=S(=O)(N)c1cc2c(cc1C(F)(F)F)NC(NS2(=O)(=O))Cc3ccccc3;1;0.1489488306188024;0.0;0.0;0.5;0.0;0.0880442691259935;0.0;0.4204103600175289;0.0;0.0;0.0;0.7153449218850316;0.7010943836003342;0.0;0.1187235153275484;0.0;0.0;0.6566931397758465;0.399380510837135;0.4798863842305781;0.0;0.6144874155923878;0.0;0.2868495167833315;0.5476332703956699;0.7724082042437939;0.8454980757951966
n1ccccc1C(c2ccc(cc2)Br)CCN(C)C;1;0.0;0.5;0.0;0.0;0.1684590148392354;0.3113749026954864;0.0;0.0;0.0;0.0;0.0;0.8876054252162119;0.2904145064555883;0.0;0.4119917899687533;0.0;0.0;0.5299733081504108;0.4183673900402696;0.4987013758243819;0.4805264964167312;0.661529514393719;0.0;0.1399147521533871;0.535705516585863;0.6870965635179451;0.1080083124911078
O=S(=O)(OCCCCOS(=O)(=O)C)C;1;0.0;0.0;0.0;0.0;0.0;0.6849346997474782;0.0;0.4847228689708182;0.0;0.0;0.0;0.4028938176832664;0.6394744808346638;0.4285714285714285;0.0;0.0;0.0;0.546752829968491;0.6006514670378745;0.1303840185419132;0.2460726656927623;0.303867403314917;0.0;0.3036099792680964;0.2889923388060249;0.280762108091403;0.6064107302920076
O=C1NC(=O)C(C(=O)N1)(CC=C)CC(C)C;1;0.3284744716952028;0.0;0.0;0.0;0.1902219544128365;0.2302948232390975;0.0;0.0;0.0;0.0;0.0;0.5290706664794531;0.6522571154759028;0.0;0.0;0.0;0.0;0.7272409293454904;0.590579468416428;0.2693693018441059;0.8962655493235189;0.6187845303867402;0.0;0.1518049896340482;0.624412487666812;0.6039660682017738;0.6362272333768177
Oc1ccc3c(c1)C45(CCN(CC2CCC2)C(C3)C5(O)(CCCC4));1;0.1715255283047971;0.0;0.0;0.0;0.1666666666666666;0.2964946891541092;0.0;0.1055364631718381;0.0;0.0;0.0;0.9456785348652236;0.5720527375160893;0.0;0.332856431662776;0.0;0.0;0.7000344115245245;0.424370490250896;0.4203034600662124;0.4084110828291537;0.6961325966850828;0.0;0.1359334732390148;0.659021320549236;0.4406009765595454;0.263857429234249
c1ccc3c(c1)CCc2ccccc2C3CC(C)CN(C)C;1;0.1715255283047971;0.0;0.0;0.3668390935735348;0.0;0.1337948642205655;0.0;0.0;0.0;0.0;0.0;0.8511476429034474;0.7072981494394126;0.0;0.2304395268306173;0.0;0.0;0.7091952595483764;0.4942072058731859;0.5521323687066869;0.4792886154322555;0.460572576594676;0.0;0.2798295043067743;0.5033824644321724;0.719602367046721;0.020212641059119
O=C1CC2CCC1(C)C2(C)(C);1;0.4854234150856085;0.0;0.0;0.0;0.0;0.2637990884216157;0.0;0.0;0.0;0.0;0.0;0.4895047996410867;0.504458823774674;0.0;0.2188488173132762;0.0;0.0;0.2298384540589975;0.4920184920347726;0.4821241726252702;0.4000686229473464;0.734806629834254;0.0;0.276645764271742;0.3059960023360988;0.7065378365502675;0.318542054147105
O=C(OCCN(CC)CC)C2(c1ccccc1)(CCCC2);0;0.0;0.0;0.0;0.0;0.25;0.2615628844667341;0.0;0.1020306655902272;0.0;0.0;0.5;0.7468940534651394;0.6577664302893864;0.0;0.1210151181739793;0.0;0.0;0.6353182737596429;0.5170013217450589;0.7357001669941642;0.4129370744037578;0.6243093922651932;0.0;0.1562039419620583;0.7158502333369171;0.5159062487663872;0.7268606246657082
O=C(OCC)N1C=CN(C1=S)C;1;0.2042708435582105;0.0;0.0;0.5098965430924628;0.0;0.3775945636798538;0.0;0.1244885966328238;0.0;0.0;0.0;0.6229465396058285;0.4835555910461968;0.0;0.3594783711061455;0.0;0.0;0.6953448152902583;0.4934156595229726;0.3756301486564646;0.4116656157539515;0.8895027624309392;0.0;0.2690043952968367;0.8655716379941618;0.6688903438564469;0.9661369620057932
O=C(O)C3=C(CSC2N3(C(=O)C2(NC(=O)C(N)c1ccccc1)))Cl;0;0.1661855283731985;0.0;1.0;0.4;0.0833333333333333;0.0740999560248397;0.0;0.0948196545956181;0.0;0.0;0.0;0.6847449636296884;0.4664636076378613;0.0;0.1063725241827381;0.0;0.0;0.688325540764565;0.1616755798426456;0.5630509621254814;0.1689480950888061;0.7541436464088396;0.0;0.1315345209110047;0.7372775822115999;0.2614069453062004;0.8129007667538218
O=C(O)C3=C(C)CSC2N3(C(=O)C2(NC(=O)C(N)c1ccc(O)cc1));0;0.1661855283731985;0.0;1.0;0.1141331726477019;0.0;0.0951080724775332;0.0;0.0;0.0;0.0;0.0;0.539775346050365;0.5180732329333141;0.0;0.1063725241827381;0.0;0.0;0.6538101100405254;0.3301633377546425;0.5278248133321772;0.2155803439297897;0.734806629834254;0.0;0.3993097463457073;0.5839366789875842;0.3201469221136548;0.8099394208863201
O=C(O)C4=C(CSc1nnnn1C)CSC3N4(C(=O)C3(NC(=O)C(O)c2ccccc2));0;0.2042708435582105;0.0;1.0;0.6161761545772144;0.0;0.0498367557244413;0.0;0.0;0.0;0.0;0.0;0.2981335686397305;0.5039251304395026;0.0;0.3430592732103659;0.0;0.0;0.6769671403156445;0.3054355052322428;0.6114634877792774;0.2154097388252212;0.7797184102655497;0.0;0.6572338510890384;0.6934205953992776;0.4145598501034946;0.8100400494287087
O=C(O)C3=C(COC(=O)C)CSC2N3(C(=O)C2(NC(=O)C(=NOC)c1nc(N)sc1));0;0.1494339961374126;0.0;1.0;0.0;0.0;0.2990016599344345;1.0;0.0;0.0;0.0;0.0;0.087205303666542;0.1440634546580009;0.0;0.4369235143961188;0.0;0.3333333333333333;0.7236774610153727;0.4726585989847398;0.5895387435801269;0.2261702763739532;0.8276243093922652;0.0;0.1317627439447684;0.390252685719311;0.3079493884803437;0.8102764005311865
O=C(OCC3=C(C(=O)O)N2C(=O)C(OC)(NC(=O)Cc1cccs1)C2SC3)N;0;0.1661855283731985;0.0;1.0;0.1;0.15723894424441;0.2345437877528393;0.0;0.1209827990512129;0.0;0.0;0.0;0.3468867664373573;0.3513527820310935;0.0;0.4310647365668273;0.0;0.0;0.7512108210071284;0.6141734452172142;0.6206315428212273;0.2166018223604379;0.8342541436464087;0.0;0.0;0.3950313014486033;0.5235385337875245;0.9303619287022152
O=C(O)C3=C(COC(=O)N)CSC2N3(C(=O)C2(NC(=O)C(=NOC)c1occc1));0;0.3156195245106112;0.0;1.0;0.1;0.0;0.2109073732947191;0.0;0.11801215399301;0.0;0.0;0.0;0.1992206827221773;0.2970859742739915;0.0;0.2094214172924935;1.0;0.0;0.7521467502212048;0.932309802268178;0.5822503351608375;0.2312695361545302;0.8468279672318534;0.0;0.0;0.5362433593873999;0.3896382630996534;0.9303619287015856
O=C(O)C3=C(C)CSC2N3(C(=O)C2(NC(=O)C(N)c1ccccc1));0;0.1661855283731985;0.0;1.0;0.514133172647702;0.0833333333333333;0.0331813474059671;0.0;0.0;0.0;0.0;0.0;0.6966219687181571;0.4614983398439999;0.0;0.1063725241827381;0.0;0.0;0.7064946592672157;0.1719205536066488;0.5421169730380259;0.2758764001196015;0.7541436464088396;0.0;0.3993097463457073;0.6485796646752601;0.3218836295636396;0.8099394208863201
O=C(O)C3=C(C)CSC2N3(C(=O)C2(NC(=O)C(N)C1=CCC=CC1));0;0.1661855283731985;0.0;1.0;0.1141331726477019;0.2503978096883741;0.0069674114013424;0.0;0.0;0.0;0.0;0.0;0.4610943657941169;0.4577693248934998;0.0;0.1063725241827381;0.0;0.0;0.6982863959607178;0.1660598586580134;0.5802828484062271;0.2887308084978042;0.8314917127071823;0.0;0.4195802150687508;0.6728937222979355;0.316598581509677;0.8099394208863201
O=C(NC(CO)C(O)c1ccc(cc1)[N+](=O)[O-])C(Cl)Cl;1;0.0;0.0;0.0;0.0;0.0;0.0201278963931272;0.0;0.3310968539750374;0.0;0.0;0.0;0.3459727720834191;0.5549206006699287;0.0;0.2243390226146255;0.0;0.0;0.5592993960233913;0.5778933283488319;0.51224273856852;0.2867948610350801;0.6883977900552485;0.0;0.1315345209110047;0.8106617491261079;0.268118239821588;0.618078860165463
[O-][N+]2=C(c1ccccc1)c3cc(ccc3(N=C(NC)C2))Cl;1;0.1447006513109736;0.0;0.0;0.3161761545772144;0.5;0.3786894734076287;0.0;0.2119912255135236;0.0;0.0;0.5;0.6559310052196086;0.4485030445521612;0.0;0.326055093454232;0.0;0.0;0.7771832878690627;0.4866784941260793;0.4578743937528222;0.5791868288040108;0.7127071823204418;0.0;0.3917566052404252;0.5601081344046441;0.4994235016226504;0.5230604600736939
O=S(=O)(N)c2cc1c(N=CNS1(=O)(=O))cc2Cl;1;0.2936494819297761;0.0;0.0;0.0;0.0648671438655291;0.4934950725398342;0.0;0.2018009880658374;0.0;0.0;0.0;0.7896554280011716;0.5348393367018647;0.0;0.0;0.0;0.0;0.4506080092994288;0.2686172606585992;0.2650590849972234;0.1550364232701255;0.734806629834254;0.0;0.0;0.4274609518443588;0.7079128264993898;0.6073673912301066
O(c1ccc(cc1)C(c2ccc(OC)cc2)=C(c3ccc(OC)cc3)Cl)C;1;0.0;0.0;0.0;0.3516007584625372;1.0;0.327261818101339;0.0;0.4967136446855683;0.0;0.0;0.0;0.4636067185090617;0.2489907971525083;0.0;0.1030488931097553;0.0;0.0;0.6260074945762935;0.5868503055559007;0.6055923039811333;0.3988390375928108;0.1847759361571515;0.0;0.1189763899982072;0.6521215705936697;0.7121028897085552;0.2707984237489863
n1ccccc1C(c2ccc(cc2)Cl)CCN(C)C;0;0.0;0.5;0.0;0.0;0.4184590148392354;0.2867891773355974;0.0;0.0;0.0;0.0;0.0;0.879825017617987;0.3119618238062011;0.0;0.4221599122199236;0.0;0.0;0.5299733081504108;0.4207699663553301;0.4987013758243819;0.47983561518644;0.661529514393719;0.0;0.1399147521533871;0.4495650659192394;0.6619960454625073;0.1080083204634416
O=C(NCCC)NS(=O)(=O)c1ccc(cc1)Cl;1;0.0;0.0;0.0;0.0;0.1599781210719474;0.3129828067996995;0.0;0.0922419790424266;0.0;0.0;0.0;0.9511673425320638;0.507054956498461;0.0;0.2138855821469192;0.0;0.0;0.5524196659244143;0.4360854905969197;0.6590621290775291;0.7184679620942089;0.68020799480013;0.0;0.2734832984948804;0.6742222051451201;0.5818795225848062;0.754755979690904
O=C(N)C=3C(=O)C4(O)(C(O)=C2C(=O)c1c(O)ccc(c1C(O)(C)C2CC4(C(C=3(O))N(C)C))Cl);1;0.5092365849827928;0.0;0.0;0.0;0.0;0.2081301269099585;0.0;0.3242064140345347;0.0;0.0;0.5;0.2420548495883735;0.3668224278684816;0.0;0.5176385790323739;0.0;0.0;0.7165812560402929;0.042235147914871;0.4811295343692781;0.97211953552691;0.6363636363636362;0.0;0.0;0.6022998568564609;0.7117624647243226;0.5869494704283857
O=C2NC(O)(c1ccc(c(c1)S(=O)(=O)N)Cl)c3ccccc23;1;0.1489488306188024;0.0;0.0;0.4;0.0;0.3298521757011446;0.0;0.0946377695238609;0.0;0.0;0.0;0.7923789080494382;0.3953210174177349;0.0;0.3086112139092072;0.0;0.0;0.5648956705731774;0.1129147250071255;0.5479418020647895;0.3806363443220495;0.6715218483174283;0.0;0.2630690418220094;0.6661746210404429;0.4933277638184336;0.5835688497277316
N#CN=C(NC)NCCSCc1nc[nH]c1C;0;0.1447006513109736;0.0;0.0;0.5164546218360765;0.0951109772064182;0.3955474632734344;0.0;0.2265074977877999;0.0;0.0;0.0;0.2171051432243916;0.581994062778784;0.2857142857142857;0.5693573578440628;0.0;0.0;0.5557268885758767;0.4762240380325131;0.3604831578595778;0.4540546289197983;0.9805004874878126;0.0;0.1408994319825738;0.5704567961142581;0.6664958465505995;0.4790277374785525
O(c1ccc(cc1)C(c2ccccc2)=C(c3ccccc3)Cl)CCN(CC)CC;1;0.0;0.0;0.0;0.0;0.8333333333333333;0.5107410337674904;0.0;0.0948196545956181;0.0;0.0;0.5;0.3001153731325449;0.0441731556785341;0.0;0.2240640112837346;0.0;0.0;0.6393102366675595;0.5135084317358014;0.5940184585612743;0.4657876156706235;0.3827395694417984;0.0;0.1562039419620583;0.774660455424614;0.5172053846541288;0.2719541940309224
c1ccc3c(c1)N(c2cc(ccc2CC3)Cl)CCCN(C)C;1;0.0;0.0;0.0;0.0;0.0833333333333333;0.3358333290425567;0.0;0.0;0.0;0.0;0.0;0.8719350191581631;0.5220699918502566;0.0;0.4242095971125857;0.0;0.0;0.6486460510955993;0.5168580062459769;0.6252515534273659;0.4595620553582786;0.6082370668006026;0.3333333333333333;0.0;0.5502437480166733;0.6274961096111976;0.1032943377678736
n1ccn(c1)C(c2ccccc2)(c3ccccc3)c4ccccc4Cl;0;0.0;0.0;0.0;0.1021508178070826;0.5887103778510397;0.1705730765034031;0.0;0.1192210184448485;0.0;0.0;0.0;0.4044792104944769;0.7756639664344063;0.0;0.4249050148705983;0.0;0.0;1.0;0.4737038449387786;0.29052323317381;0.5102502313898948;0.4006629834254143;0.0;0.0;0.7119116646354853;0.45633649062776;0.2804486413579526
O=C(O)C4N3C(=O)C(NC(=O)c1c(noc1C)c2ccccc2Cl)C3SC4(C)(C);0;0.0;0.0;1.0;0.7423995179431059;0.0;0.2219867678072288;0.0;0.0946377695238609;0.0;0.0;0.0;0.7321991741119196;0.6437511088003287;0.0;0.1906447154773198;0.0;0.0;0.7113389185402939;0.4383316586070583;0.4743842477713445;0.3786622556048664;0.7508096780339111;0.0;0.3864699783912845;0.2514020488035121;0.4403641476306797;0.7529243517278981
OC1C=CC5C4N(C)CCC25(c3c(OC12)c(OC)ccc3C4);1;0.1715255283047971;0.0;0.0;0.1172002528208457;0.1667992698961247;0.1201339391079163;0.0;0.1339646633633167;0.0;0.0;0.5;0.8465505815980284;0.5401787228252042;0.0;0.4241361267818372;0.0;0.0;0.6780699653563843;0.3945739203926374;0.3724435529843036;0.4496658041981448;0.8402812656956301;0.0;0.2827596462031629;0.6346865517184388;0.6887785287732825;0.3794009869323564
O=C4C=C3CCC2C(C(=O)CC1(C)(C2(CCC1(O)(C(=O)CO))))C3(C)CC4;1;0.8284744716952028;0.0;0.0;0.1001591238753496;0.0951109772064182;0.0779027393260178;0.0;0.0;0.0;0.0;0.0;0.8305299291004217;0.5192580583855528;0.0;0.4469967412974627;0.0;0.0;0.6308538269220559;0.6389625550429421;0.4896834724885459;0.3577137209182889;0.6991075223119422;0.0;0.6072199585361928;0.5314350331176168;0.5542690184865252;0.4351376128429799
O=C(OCC(=O)C3(O)(CCC2C4CCC1=CC(=O)CCC1(C)C4(C(=O)CC23(C))))C;1;0.8284744716952028;0.0;0.0;0.1001591238753496;0.0951109772064182;0.1828579219461643;0.0;0.0;0.0;0.0;0.0;0.7573824139249655;0.4151459972046387;0.0;0.5750193632959216;0.0;0.0;0.6235279738646383;0.6231903714110274;0.5626661986696386;0.2752367498846532;0.6867974852352828;0.0;0.6072199585361928;0.4509666316924001;0.545725385346247;0.6956365747942169
O=C1Oc2ccccc2(C=C1);1;0.0;0.0;0.0;0.2;0.25;0.3272264572606252;0.0;0.0;0.0;0.0;0.0;0.5018440277639894;0.504458823774674;0.0;0.2117629139335972;0.0;0.0;0.6369828888320238;0.486177408860754;0.0;0.4292559084985752;0.6504269211451531;0.3333333333333333;0.131997174894645;0.5798844958235038;0.2486101750955671;0.772050329643353
O=C(O)C=3Oc4ccc(OCC(O)COc2cccc1OC(=CC(=O)c12)C(=O)O)cc4(C(=O)C=3);0;0.0;0.0;0.0;0.0;0.0;0.3076485239996547;0.0;0.1014886442969607;0.0;0.0;0.0;0.2640717491778828;0.6758162219000567;0.0;0.2243390226146255;0.0;0.0;0.6284132287917306;0.5016937173980737;0.5146455254795603;0.3127088395351459;0.4891127721806955;0.0;0.0;0.5765173895631275;0.3227087583074847;0.8545620060084628
O=C(O)C3N2C(=O)C(NC(=O)C1(N)(CCCCC1))C2SC3(C)(C);0;0.1661855283731985;0.0;1.0;0.0;0.1902219544128365;0.0401984702843619;0.0;0.1043658771606565;0.0;0.0;0.0;0.6375047193763793;0.4130616192471437;0.0;0.0877743108409174;0.0;0.0;0.5960002057473502;0.1930587743254321;0.6842639006895495;0.161896813928336;0.6944511169829449;0.0;0.3036099792680964;0.3803220173369289;0.390637787843102;0.7529243517012587
Oc1ccc3c(c1)C4(C)(CCN(CC2CC2)C(C3)C4(C));1;0.3430510566095943;0.0;0.0;0.0;0.1666666666666666;0.2625174317720423;0.0;0.0;0.0;0.0;0.0;0.9668280759150036;0.5382890596183614;0.0;0.2327311296770482;0.0;0.0;0.6483934974785183;0.5626192248576527;0.3988038881001203;0.4484452112151498;0.8044198895027623;0.0;0.4186931194421778;0.5443360052926919;0.5074924885957917;0.2638530731013152
O=S(=O)(N)c1cc2c(cc1Cl)NC(NS2(=O)(=O))CC3CCCC3;1;0.3204743589235996;0.0;0.0;0.0;0.0;0.1535458189785772;0.0;0.3179781435274161;0.0;0.0;0.0;0.7673107971839164;0.4175101961366866;0.0;0.0;0.0;0.0;0.4905204584452168;0.2476262233110136;0.5721409546161194;0.5034830523599325;0.6944511169829449;0.0;0.4261844045948287;0.7560211205288214;0.4699301272145046;0.5602784936569496
c1ccc3c(c1)C=Cc2ccccc2C3=C4CCN(C)CC4;0;0.0;0.0;0.0;0.0918688972687333;0.0;0.3261331971238765;0.0;0.0;0.0;0.0;0.0;0.5648134354416986;0.8085702207022043;0.0;0.2420302363479586;0.0;0.0;0.6882879852487886;0.5157872379204984;0.4331576186942343;0.4835144582483837;0.376192867905575;0.0;0.0;0.5902727401498533;0.6875664971836666;0.0013512979637425
O=C1N=C(N)C=CN1C2OC(CO)C(O)C2(O);1;0.0;0.0;0.0;0.0;0.0;0.2479214111538655;0.0;0.1244885966328238;0.0;0.0;0.0;0.3972556601961566;0.4548713238722532;0.0;0.1145820731306279;0.0;0.3333333333333333;0.5888355238011662;0.5681726927575617;0.4879294677460911;0.4370734274934075;0.8167045823854401;0.0;0.0;0.6393993949116686;0.4848168919921604;0.807858206511918
O=C1c5cccc(OC)c5(C(=O)c2c(O)c4c(c(O)c12)CC(O)(C(=O)C)CC4(OC3OC(C)C(O)C(N)C3));1;0.1661855283731985;0.0;0.0;0.1141331726477019;0.0;0.3815455709215093;0.0;0.7934862739849511;0.0;0.0;0.0;0.2122423921459535;0.0944275704417302;0.0;0.7764977713949217;0.0;0.0;0.5926339804297234;0.4488045162652225;0.6658934873520299;0.3553552387280697;0.6493166618202966;0.0;0.0;0.6239143810299642;0.5355642966562765;0.4627955549815361
O=C(N)C=3C(=O)C4(O)(C(O)=C2C(=O)c1c(O)ccc(c1C(O)C2CC4(C(C=3(O))N(C)C))Cl);1;0.5092365849827928;0.0;0.0;0.0;0.0;0.1558799078185617;0.0;0.3336824807650276;0.0;0.0;0.5;0.2497715683997875;0.5776237149245574;0.0;0.5176385790323739;0.0;0.0;0.7111185477176155;0.0;0.4436493998440662;0.9168291660086076;0.6622928176795579;0.0;0.0;0.6529429468771621;0.696253512509216;0.5869494704282889
O=C(O)c1c(c(NC(=O)C)c(c(NC(=O)C)c1I)I)I;1;0.0;0.0;0.0;0.0;0.9309884471265992;0.5781953303823743;0.0;0.5209653662282645;0.0;0.0;0.0;0.4076269214371028;0.5290739479772054;0.0;0.2560452439969176;0.0;0.0;0.7310807071183625;0.7194528341274038;0.5891176460331912;0.4191740140134422;0.3635359116022099;0.0;0.5221546203569409;0.5168243790761939;0.5413708415534814;0.7762645277979888
O=C1N(c3ccc(cc3(C(=NC1)c2ccccc2))Cl)C;1;0.1447006513109736;0.0;0.0;0.2969478862504358;0.5833333333333333;0.3020741863909;0.0;0.2147842800688554;0.0;0.0;0.5;0.838188942740249;0.5128072471583731;0.0;0.4289254980906344;0.0;0.0;0.7283854692700626;0.4937241065146791;0.408157675786926;0.4072660489810189;0.6883977900552485;0.0;0.1187481669644435;0.5066178590134214;0.5543014120952734;0.5695706485253671
O=C3c1ccccc1N(c2ccccc2N3CCN(C)C)C;1;0.0;0.0;0.0;0.0;0.9410834961707204;0.2381868689941866;0.0;0.4263176625974766;0.0;0.0;0.5;0.9399810890123976;0.5789498724627631;0.0;0.3723444611928482;0.0;0.0;0.7050426908056435;0.4808818353212215;0.515221763090883;0.4994032459419662;0.5027624309392265;1.0;0.1547351315304368;0.6701521653835051;0.7143207235583078;0.5974395522151172
O=C(O)C4N3C(=O)C(NC(=O)c1c(noc1C)c2c(cccc2Cl)Cl)C3SC4(C)(C);0;0.0;0.0;1.0;0.6423995179431058;0.0;0.2462671272820066;0.0;0.1892755390477219;0.0;0.0;0.0;0.6691879809126131;0.6580595059901;0.0;0.1906447154773198;0.0;0.0;0.6902637678490645;0.4277511965733092;0.4603423238563083;0.3770011975021731;0.703867403314917;0.0;0.3690308548398918;0.2647289690395801;0.4487086919402848;0.7529243517278981
O=C1Oc4ccccc4(C(O)=C1CC=2C(=O)Oc3ccccc3(C=2(O)));1;0.0;0.0;0.0;0.8;0.0;0.2214846061575641;0.0;0.4126333025370157;0.0;0.0;0.0;0.5220285147575403;0.412017322396158;0.0;0.1187235153275484;0.0;0.0;0.6499852526010278;0.040561309911659;0.5519666107451717;0.4109791299084238;0.3078453038674033;0.6666666666666666;0.254688810579627;0.7603006395173698;0.3582621807880197;0.789064002857578
O=C(OCCN(CC)CC)C1(CCCCC1)C2CCCCC2;0;0.3284744716952028;0.0;0.0;0.0;0.0;0.1638359875108891;0.0;0.1020306655902272;0.0;0.0;0.5;0.6594476938391165;0.6508098300332155;0.0;0.1210151181739793;0.0;0.0;0.7310441676987742;0.5096014070284987;0.6325025189354461;0.4143980142577296;0.5449522852837769;0.0;0.2961186941154454;0.7139520603200883;0.4340451463424214;0.7171589481386696
Oc1ccc(cc1)C(=CC)C(=CC)c2ccc(O)cc2;1;0.0;0.0;0.0;0.4;0.5235552877461699;0.2790556621806735;0.0;0.0;0.0;0.0;0.0;0.8446560220884921;0.530165591575334;0.0;0.0;0.0;0.0;0.830590844363182;0.5218467584225687;0.4363967723455372;0.4008824662585299;0.247513812154696;0.0;0.0;0.6106188442013429;0.4490520945748326;0.2632228977705458
O=C(c1ccccc1)C(N(CC)CC)C;0;0.0;0.0;0.0;0.0;0.5117776438730849;0.4657434308522147;0.0;0.1138419438911493;0.0;0.0;0.5;0.7056111149268018;0.4189039712817451;0.0;0.1028704046364024;0.0;0.0;0.7905694933377388;0.4770748740262113;0.3665801237968866;0.4212455943765154;0.611049723756906;0.0;0.0;0.7378050697450504;0.4368505071684895;0.4109532014003135
O=C1c4ccccc4(C(=O)C1C(=O)C(c2ccccc2)c3ccccc3);1;0.1715255283047971;0.0;0.0;0.4;0.8333333333333333;0.3534390126135729;0.0;0.11150673232072;0.0;0.0;0.0;0.6848621440512385;0.4619546913856644;0.0;0.2057408092728048;0.0;0.0;0.7227628380717307;0.498675698222479;0.5934716989651225;1.0;0.2707182320441988;0.0;0.2630690418220094;0.6592210485797305;0.2853851141431278;0.41622084596458
O(CCN(C)C)C(c1ccccc1)c2ccccc2;0;0.0;0.0;0.0;0.0;0.1666666666666666;0.4381992343919144;0.0;0.1244885966328238;0.0;0.0;0.5;0.8290607247141991;0.1974305407880549;0.0;0.1210151181739793;0.0;0.0;0.5967748310255632;0.5058519417313099;0.6837845514982428;0.5179818177065445;0.417272462925269;0.0;0.0;0.4495227066525966;0.7103376646845372;0.2458698846461726
O=C(OCC(CC)CCCC)CC(C(=O)OCC(CC)CCCC)S(=O)(=O)O;1;0.3430510566095943;0.0;0.0;0.0;0.1902219544128365;0.1817336607046463;0.0;0.3699599923168607;0.0;0.0;0.0;0.1978456282203758;0.2559909611585775;0.0;0.0;0.0;0.0;0.5112785715870308;0.3191015043389155;0.6909398048357448;0.8794574772041119;0.4198895027624308;0.0;0.0;0.779472980874006;0.3395014691445631;0.7519207413195147
c1ccc3c(c1)C(=CCCN(C)C)c2ccccc2SC3;1;0.0;0.0;0.0;0.0;0.1615723328401371;0.1701417187467867;0.0;0.0;0.0;0.0;0.0;0.8603509370546224;0.5416559373434545;0.0;0.3179070558483095;0.0;0.0;0.6239960063889826;0.5174499421393048;0.6505555906616755;0.480750536380727;0.6022099447513811;0.0;0.0;0.6896674546339239;0.7864452618850926;0.0525350387212262
O=C1c5cccc(OC)c5(C(=O)c2c(O)c4c(c(O)c12)CC(O)(C(=O)CO)CC4(OC3OC(C)C(O)C(N)C3));1;0.1661855283731985;0.0;0.0;0.1141331726477019;0.0;0.3079427182916286;0.0;0.7934862739849511;0.0;0.0;0.0;0.1223527994876373;0.0553014766614656;0.0;0.7764977713949217;0.0;0.0;0.6081262840795594;0.4565631712115212;0.6683805016970299;0.4251041693113548;0.6634084147896302;0.0;0.0;0.6671570537650242;0.5359502939711931;0.4627955549815369
n1ccccc1C(OCCN(C)C)(c2ccccc2)C;0;0.0;0.5;0.0;0.0;0.7787526058012593;0.7240727512788133;0.0;0.2317750759757753;0.0;0.0;0.5;0.8576192395976593;0.6461341293392326;0.0;0.2355971913046072;0.0;0.0;0.6791550512934881;0.5069925325666348;0.5170994547840054;0.4974023232727914;0.6187845303867402;0.0;0.1562039419620583;0.4855170904573014;0.6537971473098468;0.3024449480939543
O=C(Nc1ccccc1CCC2N(C)CCCC2)c3ccc(OC)cc3;0;0.0;0.0;0.0;0.5172002528208458;0.25;0.2460305503638084;0.0;0.1339646633633167;0.0;0.0;0.0;0.8997719370871452;0.4378087438731924;0.0;0.3197484236223046;0.0;0.0;0.5068743818551285;0.3328966266193776;0.6942702271583395;0.4790515601812513;0.6991075223119422;0.3333333333333333;0.2743794149607805;0.5735975445739412;0.4841860973986513;0.5863021638098757
OC(c1ccccc1)C(NC)C;1;0.0;0.0;0.0;0.0;0.6085911060207635;0.2671641550037913;0.0;0.1150125299023309;0.0;0.0;0.5;0.7303385122456946;0.5294703795457035;0.0;0.1117160115030689;0.0;0.0;0.6330822241740423;0.4947443047963022;0.2230938126300471;0.4288673856153101;0.6574585635359115;0.0;0.0;0.6148509495341463;0.4972574940805343;0.2144257332651027
Oc1ccc2c(c1)CCC3C2CCC4(C)(C(O)CCC34);1;0.5;0.0;0.0;0.0;0.1666666666666666;0.1066302655729436;0.0;0.1150125299023309;0.0;0.0;0.0;0.7938330113278709;0.3199963230922179;0.0;0.0;0.0;0.0;0.557279193269778;0.5059284771314898;0.4838746276336352;0.3811934154875412;0.734806629834254;0.0;0.4157629775457891;0.5092791948164785;0.4860581530238344;0.2638046998511321
O=C2CCC3C4CCc1cc(O)ccc1C4(CCC23(C));1;0.5;0.0;0.0;0.0;0.1666666666666666;0.1174614126121916;0.0;0.0;0.0;0.0;0.0;0.8204842989107194;0.3621928472740061;0.0;0.2188488173132762;0.0;0.0;0.5717996380531345;0.5070427529782953;0.4784336169613157;0.3400150996229074;0.7580110497237568;0.0;0.6924087418175311;0.5108018650183571;0.4784686884743644;0.3172892774194872
O=C(O)COc1ccc(C(=O)C(=C)CC)c(c1Cl)Cl;1;0.0;0.0;0.0;0.1141331726477019;0.0;0.1564766743563385;0.0;0.0946377695238609;0.0;0.0;0.0;0.6480975994463272;0.5541532074367503;0.0;0.1028704046364024;0.0;0.0;0.6331852466745628;0.5476084855565119;0.5289093707612157;0.3003423801641518;0.7103809246874091;0.0;0.2835677335788166;1.0;0.4596725910099131;0.7848148630891234
OCC(NCCNC(CO)CC)CC;0;0.0;0.0;0.0;0.0;0.1902219544128365;0.0756066570075442;0.0;0.2489771932656477;0.0;0.0;0.0;0.3210128705852415;0.347661368489389;0.1428571428571428;0.4654622593540965;0.0;0.0;0.5243104705042586;0.3821250576698161;0.8955724024916406;0.4257026194476861;0.3701657458563535;0.0;0.0;0.6895527157006984;0.1561070324663461;0.1323897891727355
OCC;1;0.0;0.0;0.0;0.1141331726477019;0.0;0.4274716672278826;0.0;0.0;0.0;0.0;0.0;0.3430612687017457;0.504458823774674;0.0;0.1221638441691673;0.0;0.0;0.0;0.4920184920347726;0.4821241726252702;0.4831828880524472;0.734806629834254;0.0;0.0;0.5348835375217605;0.0;0.0904444510781956
C#CC3(O)(CCC2C4CCc1cc(O)ccc1C4(CCC23(C)));1;0.5;0.0;0.0;0.0;0.1666666666666666;0.1660255784386113;0.0;0.0;0.0;0.0;0.0;0.7434399975447611;0.4018290910121715;0.0;0.1001253019857277;0.0;0.0;0.5609475071777345;0.5109525971959861;0.471095820117639;0.3136495969760778;0.7559015570065293;0.0;0.5556777296991763;0.5384300785531249;0.4764035609856868;0.2983273874662306
O=C(OCC)C2(c1ccccc1)(CCN(C)CCC2);1;0.0;0.0;0.0;0.0;0.3451109772064182;0.2496838649111099;0.0;0.2265192622230511;0.0;0.0;0.0;0.8274779154525528;0.5312269878076508;0.0;0.0;0.0;0.0;0.7590896433001696;0.4080026875219983;0.3302356610251348;0.420575829781443;0.734806629834254;0.0;0.1562039419620583;0.6899497396767906;0.644503401586045;0.7268474442297995
C#CC3(O)(CCC2C4CCC1=CC(O)CCC1C4(CCC23(C)));1;0.8430510566095943;0.0;0.0;0.0;0.0;0.1872171227721352;0.0;0.1150125299023309;0.0;0.0;0.0;0.5044365444269701;0.4084789065446809;0.0;0.1001253019857277;0.0;0.0;0.5704573062587709;0.5021374272211022;0.4760111310121416;0.3314108574820815;0.7137117026619788;0.0;0.2798295043067743;0.5547090533020824;0.4637543279816329;0.298326495607797
O=C(OC4C=C3CCC2C(CCC1(C)(C2(CCC1(C#C)(OC(=O)C))))C3CC4)C;1;0.8430510566095942;0.0;0.0;0.0;0.0;0.382188751352033;0.0;0.0;0.0;0.0;0.0;0.3363128600213089;0.4083083257953903;0.0;0.3561705459826454;0.0;0.0;0.6893919499155526;0.5190861529581258;0.4486311517173033;0.4715476767024705;0.6685082872928176;0.0;0.5596590086135486;0.4847634467915789;0.4645573846492024;0.6981904235209713
O=C(O)C(c2cccc(Oc1ccccc1)c2)C;1;0.0;0.0;0.0;0.414133172647702;0.5;0.4647438388068193;0.0;0.11150673232072;0.0;0.0;0.0;0.9638982002112148;0.3003351567599322;0.0;0.0;0.0;0.0;0.5981916737342342;0.3523580844956676;0.6243595603458026;0.358847186125774;0.6058931860036832;0.3333333333333333;0.1359334732390148;0.4955021030302591;0.3012281595826125;0.7132195415556016
O=C(N(c1ccccc1)C3CCN(CCc2ccccc2)CC3)CC;1;0.0;0.0;0.0;0.0;0.4124207536007693;0.5650086167732896;0.0;0.0;0.0;0.0;0.0;0.8379850247864739;0.5911143417274606;0.0;0.6986468888353886;0.0;0.0;0.7560371644464869;0.4821751159147993;0.4357056774819935;0.4468558219567184;0.549171270718232;0.3333333333333333;0.294649883683824;0.5767714353018956;0.3547912970136377;0.5200701141424083
O=C1N(c3ccc(cc3(C(=NC1)c2ccccc2(F)))[N+](=O)[O-])C;1;0.1447006513109736;0.0;0.0;0.3161761545772144;0.0;0.1649756770501715;0.0;0.3075505935199195;0.0;0.0;0.5;0.6319232071701052;0.8200025149036299;0.0;0.56039405673232;0.0;0.0;0.6436304407204058;0.4117680596756132;0.6770438097425782;0.1695765962960264;0.7146288734085995;0.0;0.2659991837183981;0.5932372978323783;0.4395027161869678;0.61995250694666
O=C1NC=C(F)C(=O)N1;1;0.0;0.0;0.0;0.0821575493981954;0.0684646244984962;0.3724175996761523;0.0;0.0;0.0;0.0;0.0;0.440528825001808;0.504458823774674;0.0;0.1145820731306279;0.0;0.0;0.4773238991788414;0.4920184920347726;0.4821241726252702;0.3109236134822205;0.7863720073664824;0.0;0.1465095636349188;0.3995851912134789;0.2498378708113184;0.7154525302593564
FC(F)(F)c2ccc(OC(c1ccccc1)CCNC)cc2;1;0.0;0.0;0.0;0.0;0.5134801288143452;0.0509069111714881;0.0;0.1048280069715471;0.0;0.0;0.0;0.9155786753487362;0.0;0.0;0.1187235153275484;0.0;0.0;0.5445250495553049;0.461050759420163;0.5004846910649315;0.3562266737712588;0.5660472124560522;0.0;0.1359334732390148;0.7378135311536946;0.7807277386336116;0.957114873766488
O=C;0;0.0;0.0;0.0;0.0;0.0932611454719174;0.2563402364549151;0.0;0.0;0.0;0.0;0.0;0.2836420586581948;0.504458823774674;0.0;0.0;0.0;0.0;0.6324911594778526;0.4920184920347726;0.4821241726252702;0.4732233200051094;0.5027624309392265;0.0;0.0;0.5589087767902035;0.8162661522920756;0.2430698446686133
O=C2OCCN2(N=Cc1oc(cc1)[N+](=O)[O-]);1;0.1478600055704078;0.0;0.0;0.0;0.0;0.1762642331266003;0.0;0.354719212581054;0.0;0.0;0.0;0.377158211320712;0.4298768827605559;0.0;0.0;1.0;0.0;0.5094686805141666;0.4290243974225826;0.6570814717081167;0.1683850731488481;0.9088397790055248;0.0;0.1547351315304368;0.6522908472273347;0.3159520612675288;0.9966718641212952
c1cc(ccc1C(c2ccc(cc2)N(C)C)=C3C=CC(C=C3)=[N+](C)C)N(C)C;1;0.0;0.0;0.0;0.0;0.0;0.2949084368470608;0.0;0.0;0.0;0.0;0.0;0.7630036538302828;0.363421314258343;0.0;0.9562769139065564;0.0;0.0;0.5022154887382018;0.627255896902946;0.882915990160759;0.4616425866306733;0.2707182320441988;0.0;0.0;0.4115257531608435;0.962012107356836;0.4566317772808451
O=C(c1ccc(F)cc1)CCCN3CCC(O)(c2ccc(cc2)Cl)CC3;1;0.0;0.0;0.0;0.0;0.3333333333333333;0.3450609018564268;0.0;0.1055364631718381;0.0;0.0;0.0;0.7966320399205225;0.5374300888153325;0.0;0.5564946202848494;0.0;0.0;0.4738524526393589;0.4514336929408362;0.5874597558210002;0.3340532905951947;0.5920101997450062;0.0;0.7056976567775929;0.4885555703834089;0.3883188065448846;0.3723517717923743
C1=CC(C2C1C3(C(=C(C2(C3(Cl)Cl)Cl)Cl)Cl)Cl)Cl;0;0.3430510566095943;0.0;0.0;0.0;0.1669318731255827;0.164610282561775;0.0;0.2909558040642702;0.0;0.0;0.0;0.3373329707243263;0.504458823774674;0.0;0.2188488173132761;0.0;0.0;0.4871850962168216;0.4920184920347726;0.4821241726252702;0.4789823965142559;0.4618134546636334;0.0;0.0;0.8615188518606005;0.3310083408865517;0.2700307532074749
O=C(Oc5ccc4c1c5(OC2C(OC(=O)C)C=CC3C(N(C)CCC123)C4))C;1;0.1715255283047971;0.0;0.0;0.0;0.1667992698961247;0.3650739981265339;0.0;0.0;0.0;0.0;0.5;0.4003045068613933;0.1753606199058011;0.0;0.680181370778755;0.0;0.0;0.682381438952923;0.2813871561752307;0.6636477557530192;0.4903231322217694;0.7519950890116636;0.0;0.4147118405278055;0.4663925078081146;0.5947054868931081;0.7073808761777041
O=C(O)C4N3C(=O)C(N1C(=O)C(NC1(C)C)c2ccccc2)C3SC4(C)(C);0;0.0;0.0;1.0;0.0807717316732214;0.7971105754923395;0.2078151424265998;0.0;0.1067010887310858;0.0;0.0;0.0;0.7975962986464613;0.1153473664035548;0.0;0.0877743108409174;0.0;0.0;0.6991900825830657;0.334265705816918;0.8591909237540165;0.4105279399869261;0.6144874155923878;0.0;0.0;0.1973181043182965;0.4358844745406612;0.7529243572619534
O=C1CCC5C4N(C)CCC25(c3c(OC12)c(OC)ccc3C4);1;0.1715255283047971;0.0;0.0;0.1172002528208457;0.0833333333333333;0.1109397703819141;0.0;0.1339646633633167;0.0;0.0;0.5;0.8414331176226396;0.4555941650397255;0.0;0.4334352334527476;0.0;0.0;0.6786723534696877;0.4999456388925338;0.3729900585646181;0.4255136421212976;0.8613761928679055;0.0;0.4345646358372111;0.6366264020133926;0.6798866734159715;0.3984900683094663
O=C(N)NO;1;0.1661855283731985;0.0;0.0;0.0;0.0;0.3952524987748489;0.0;0.0;0.0;0.0;0.0;0.1498613986644263;0.504458823774674;0.0;0.0;0.0;0.0;0.0;0.4920184920347726;0.4821241726252702;0.3792196652466735;0.8276243093922652;0.0;0.0;0.1107487655966572;0.5409793561655942;0.7713596396071163
OCCOCCN1CCN(CC1)C(c2ccccc2)c3ccc(cc3)Cl;1;0.0;0.0;0.0;0.0;0.1666666666666666;0.2303108257821723;0.0;0.4873077337896209;0.0;0.0;0.0;0.7463870940545759;0.5419409808171263;0.2857142857142857;0.6979460548428364;0.0;0.0;0.680869271818199;0.4950415788651629;0.5424204570578709;0.5051756478578578;0.5206119847003825;0.0;0.3124078839241166;0.521721352253668;0.5136914572463245;0.1586472789137298
c1ccc3c(c1)N(c2ccccc2CC3)CCCN(C)C;1;0.0;0.0;0.0;0.0;0.0;0.4792169959218965;0.0;0.0;0.0;0.0;0.0;0.8984231853429344;0.5538586806316723;0.0;0.3313391331396458;0.0;0.0;0.6969370638964634;0.5301323275863811;0.615237478604964;0.459525432565697;0.4475138121546961;0.6666666666666666;0.0;0.5892747792572585;0.6134650587069096;0.0998461111598911
O=C(O)Cc3c1cc(OC)ccc1n(C(=O)c2ccc(cc2)Cl)c3C;0;0.0;0.0;0.0;0.9313334254685476;0.0;0.3657353736786106;0.0;0.3588945790828946;0.0;0.0;0.0;0.8075181647136711;0.245875564714569;0.0;0.4006172376953445;0.0;0.0;0.742707713685948;0.8587385443831617;0.5010102028594053;0.4257041791846125;0.6605524861878452;0.0;0.9101436240026056;0.3829575963487224;0.4961850589226488;0.7068066653369582
O=C(O)C(C)CN(C(=O)C)c1c(cc(c(N)c1I)I)I;1;0.1715255283047971;0.0;0.0;0.1141331726477019;0.0833333333333333;0.3964921236739268;0.0;0.3931034767955945;0.0;0.0;0.0;0.3393951768574033;0.589170703371239;0.0;0.3810658868717748;0.0;0.3333333333333333;0.615311866660425;0.375542954711628;0.3520086847154517;0.2117768975862476;0.6883977900552485;0.0;0.2689293256147868;0.5618273713127873;0.5685002203350094;0.7070843962324478
O=C(O)c1c(c(NC(=O)C)c(c(c1I)CNC(=O)C)I)I;1;0.0;0.0;0.0;0.0;0.9309884471265992;0.4866784857646048;0.0;0.2792615329044451;0.0;0.0;0.0;0.3959429990702381;0.6814941240090875;0.0;0.6119589135066361;0.0;0.0;0.6367937118106879;0.5892087622514245;0.6024259181762607;0.3722843001095887;0.5359116022099447;0.0;0.4348160468798342;0.5530585644292767;0.6410460000454877;0.7761050908272811
OCC1OC(OC1)C(C)I;1;0.0;0.0;0.0;0.0;0.0951109772064182;0.4162965532102487;0.0;0.3229262260057421;0.0;0.0;0.0;0.5660836308209753;0.5308320036242874;0.0;0.0;0.0;0.0;0.6974634673103858;0.4724725260304122;0.0;0.4521919671183941;0.9668508287292816;0.0;0.2489926047851588;0.4849993824482174;0.4380470128662056;0.3879491080128932
Oc2c1ncccc1c(cc2I)I;1;0.0;0.5;0.0;0.1021508178070826;0.25;0.1341576478930679;0.0;0.0672703073909214;0.0;0.0;0.0;0.7122720486966723;0.504458823774674;0.0;0.2801895491065809;0.0;0.0;0.678477428819886;0.5035112106909152;0.0;0.4538439998770275;0.734806629834254;0.0;0.1304292105330666;0.4708201425598258;0.4189188955838599;0.3545907937294152
O=C(O)C(Cc1c(cc(c(N)c1I)I)I)CC;1;0.1715255283047971;0.0;0.0;0.0;0.1784443105397515;0.1205396279012086;0.0;0.2186699508626965;0.0;0.0;0.0;0.3708636274356607;0.6561247677977865;0.0;0.1980422200490051;0.0;0.3333333333333333;0.515470135148313;0.6407944078728133;0.5139085695006751;0.3612466993801331;0.734806629834254;0.0;0.3036099792680964;0.5835749083692017;0.5428857884624233;0.7042904744843297
O=C(O)c1c(c(NC(=O)C)c(c(C(=O)NC)c1I)I)I;1;0.0;0.0;0.0;0.0;0.9309884471265992;0.3914991997115605;0.0;0.4513598472669137;0.0;0.0;0.0;0.4076884165538547;0.6785003825051766;0.0;0.3243509201930168;0.0;0.0;0.7025228669965515;0.6452423134452712;0.5891176460331912;0.1827977675000007;0.5027624309392265;0.0;0.3876899575495475;0.5252638859830862;0.7889097429803278;0.7761384202497202
O=C(O)CCc1c(cc(c(N=CN(C)C)c1I)I)I;1;0.1447006513109736;0.0;0.0;0.1044865121247813;0.3442700340230418;0.2535892671638682;0.0;0.2265955583697775;0.0;0.0;0.0;0.2311591687844347;0.3923274236904092;0.0;0.5773941850663329;0.0;0.0;0.4671789266865306;0.5200592623990334;0.5640319002429316;0.4174088724455593;0.734806629834254;0.0;0.1518049896340482;0.5430045627740925;0.99098864546899;0.6970516499574491
O=C(N)C(c1ccccc1)(c2ccccc2)CC[N+](C)(C(C)C)C(C)C;1;0.1661855283731985;0.0;0.0;0.0;0.8333333333333333;0.4959192540424938;0.0;0.4837959757560761;0.0;0.0;0.0;0.737153186384911;0.1428927475892109;0.0;0.1187235153275484;0.0;0.0;0.5666598426676807;0.3502089023028091;0.7314461608390925;0.5230135587975197;0.3956651083722906;0.0;0.4374947777335998;0.560969469508919;0.5887445754692218;0.5335050564613427
Oc1ccc(cc1(O))C(O)CNC(C)C;1;0.0;0.0;0.0;0.1;0.1902219544128365;0.206107576853568;0.0;0.1150125299023309;0.0;0.0;0.0;0.5443661416687021;0.4319568982842374;0.0;0.2327311296770482;0.0;0.0;0.4753294891389043;0.4323865710835328;0.4328647563547024;0.3837170429243612;0.67292817679558;0.0;0.4291145464912174;0.5306636314939059;0.3302292219647121;0.3604407945639302
OCC3OC(OC2C(O)C(OC1OC(CN)C(O)C(O)C1(O))C(N)CC2(N))C(O)C(N)C3(O);1;0.664742113492794;0.0;0.0;0.0;0.0;0.2246671898980136;0.0;0.2383305405239732;0.0;0.0;0.0;0.0343385969670936;0.2831446014131787;0.0;0.3444471411801172;0.0;0.0;0.6203294215524169;0.3334420805734996;0.6945644175819158;0.4855319384192906;0.3550979407332998;0.0;0.0;0.7213950264444505;0.2678812837737572;0.4281744009494128
Oc1ccc2c(c1)C34(CCN(CC=C)C(C2)C4(CCCC3));1;0.1715255283047971;0.0;0.0;0.0;0.0833333333333333;0.1953791239162767;0.0;0.0;0.0;0.0;0.0;0.8974907121614125;0.5622365480868399;0.0;0.332856431662776;0.0;0.0;0.7022839527554008;0.5642497300459075;0.3451934932336806;0.4666782149206007;0.8453038674033148;0.0;0.4068028819615168;0.582833854159841;0.4828532873486747;0.2638534898568743
O=C(Nc1c(cccc1C)C)CN(CC)CC;0;0.0;0.0;0.0;0.0;0.4402219544128364;0.4627606177551028;0.0;0.1233180106216422;0.0;0.0;0.5;0.9119386316510012;0.1434441304190493;0.0;0.1051620074828332;0.0;0.0;0.7101812892343388;0.4780293176192544;1.0;0.4645624722849416;0.5983100422489437;0.3333333333333333;0.1547351315304368;0.5314966565149911;0.4877270323833391;0.5468454773324322
C1(C(C(C(C(C1Cl)Cl)Cl)Cl)Cl)Cl;0;0.0;0.0;0.0;0.0;0.0;0.2824227695909788;0.0;0.6078989692382035;0.0;0.0;0.0;0.588537345851915;0.504458823774674;0.0;0.0;0.0;0.0;0.4057253143020152;0.4920184920347726;0.4821241726252702;0.4732233200051094;0.0;0.0;0.0;0.63191229841096;0.1725487584280666;0.1574501195516957
O=C1Nc3ccc(cc3(C(=NC1(O))c2ccccc2Cl))Cl;1;0.1447006513109736;0.0;0.0;0.7000000000000001;0.0;0.1333865879405127;0.0;0.2147842800688554;0.0;0.0;0.0;0.9103055690367282;0.5890815433160353;0.0;0.3914817372186847;0.0;0.0;0.695022441785308;0.5177586434503822;0.3836572532562126;0.4080978752899999;0.6685082872928176;0.0;0.7700691867480863;0.5287960468093157;0.3376568178655152;0.6336926613424935
C#CC3(O)(CCC2C4CCC1=CCCCC1C4(CCC23(C)));1;0.8430510566095943;0.0;0.0;0.0918688972687333;0.0;0.2563402364549151;0.0;0.0;0.0;0.0;0.0;0.4871871069344792;0.4139453337081046;0.0;0.1001253019857277;0.0;0.0;0.5819240646448269;0.4984972966812848;0.4754201759049407;0.3593315116603276;0.7569060773480661;0.0;0.1399147521533871;0.5932192544612648;0.458900550052936;0.298326495607796
O=C(OCC)CC(C(=O)OCC)SP(OC)(OC)=S;0;0.0;0.0;0.0;0.2282663452954039;0.0;0.4639624036594169;0.0;0.3699599923168607;0.0;0.0;0.0;0.4246171757814664;0.5836428182882718;0.0;0.2629259016801553;0.0;0.0;0.8231573563220546;0.3102003164204177;0.7312111181874592;0.1704550207426332;0.5882523989531839;0.0;0.0;0.5413089959272912;0.6049056954341092;0.7351487361940375
c1ccc3c(c1)C4c2ccccc2C3(CCCNC)CC4;0;0.0;0.0;0.0;0.3668390935735348;0.0;0.0725070515000458;0.0;0.0;0.0;0.0;0.0;0.881665639052691;0.5071439960646745;0.1428571428571428;0.2095497106423658;0.0;0.0;0.8204139466554538;0.4872666384496653;0.404568470963392;0.4576774608507515;0.5580110497237568;0.0;0.1399147521533871;0.7207031730687259;0.6351933549281679;0.0459159802732799
N(C)(CCCl)CCCl;1;0.0;0.0;0.0;0.0;0.0968134621476786;0.1420600759860465;0.0;0.0;0.0;0.0;0.0;0.5346757325577348;0.504458823774674;0.0;0.4594773856761306;0.0;0.0;0.3464080074677215;0.4920184920347726;0.4821241726252702;0.4708022430377981;0.5027624309392265;0.0;0.278037271374974;0.4461458978357865;0.5817236060346285;0.0785302936205009
O=C(O)c2ccccc2(Nc1c(ccc(c1Cl)C)Cl);1;0.0;0.0;0.0;0.5;0.0951109772064182;0.090493993050595;0.0;0.5084299831032222;0.0;0.0;0.0;0.9253671427927802;0.2493307704821579;0.0;0.0;0.0;0.0;0.5827070976988457;0.6085839759405736;0.6506827202315929;0.5238260662729374;0.661529514393719;0.3333333333333333;0.5064256595436739;0.6928470572435402;0.3068493228433431;0.7757861422909426
O=C4C=C3C(C)CC2C(CCC1(C)(C2(CCC1(O)(C(=O)C))))C3(C)CC4;1;1.0;0.0;0.0;0.1141331726477019;0.0834659365627913;0.1866602038321539;0.0;0.0;0.0;0.0;0.0;0.8225453970755202;0.7231556207080841;0.0;0.2188488173132762;0.0;0.0;0.6474779654976152;0.5190600978999296;0.5080222933193613;0.2702207824182986;0.6605524861878452;0.0;1.0;0.5383601091443725;0.5715716122712408;0.3698616779160715
O=C(O)C(N)Cc1ccc(cc1)N(CCCl)CCCl;1;0.1661855283731985;0.0;0.0;0.0;0.3333333333333333;0.1127213053855988;0.0;0.0;0.0;0.0;0.0;0.7463185956488735;0.4670206717285671;0.0;0.5646393931589638;0.0;0.0;0.5834077949738694;0.4470037372351606;0.6431856832386651;0.3334824009983966;0.612678104100029;0.0;0.4298422610090222;0.4969217389610052;0.3559878200444674;0.7365828597669482
O=C2NC(=O)C(c1ccccc1)(C(=O)N2C)CC;1;0.0;0.0;0.0;0.514133172647702;0.0833333333333333;0.238517602290861;0.0;0.0;0.0;0.0;0.5;0.8397185819762886;0.5278862886389177;0.0;0.1303142248448896;0.0;0.0;0.7819514920342941;0.4713311372196673;0.18868557228231;0.7154120784476974;0.6316758747697973;0.0;0.2833395105450529;0.8602189494671303;0.8116431307354548;0.635162472292774
O=C(OCC(C)(COC(=O)N)CCC)N;1;0.4893200001368027;0.0;0.0;0.0;0.1902219544128365;0.2263680878115542;0.0;0.0;0.0;0.0;0.0;0.7110361815170361;0.5882093528795035;0.0;0.1001253019857277;0.0;0.0;0.5780352828541233;0.2073468271257706;0.4158934854557606;0.3511374373820953;0.518232044198895;0.0;0.0;0.3306605090612706;0.712435934741183;0.9296503318732268
n1c[nH]c2c1N=CNC2=S;1;0.0;0.0;0.0;0.1043016356141651;0.0;0.059414888355299;0.0;0.2384420368896971;0.0;0.0;0.0;0.532249989250388;0.504458823774674;0.0;0.0;0.0;0.0;0.567797056539537;0.4920184920347726;0.4821241726252702;0.4539492771603167;0.6883977900552485;0.0;0.2432296638678449;0.6341182326041014;0.6075646505634692;0.4161344334802668
C#CC3(O)(CCC2C4CCc1cc(OC)ccc1C4(CCC23(C)));1;0.5;0.0;0.0;0.1172002528208457;0.0;0.1907645578213846;0.0;0.1339646633633167;0.0;0.0;0.0;0.8448655911419464;0.402066108439896;0.0;0.1001253019857277;0.0;0.0;0.5714023738404571;0.5100741729952369;0.4840517021370044;0.3089303572655746;0.7751621426855632;0.0;0.4197442564601614;0.5614325171628215;0.5613927874913892;0.2983273874662306
Oc1cccc(c1)C(O)C(N)C;1;0.1661855283731985;0.0;0.0;0.414133172647702;0.0;0.2744295169817848;0.0;0.1150125299023309;0.0;0.0;0.0;0.6034833836606381;0.589721613597915;0.0;0.1117160115030689;0.0;0.0;0.5792245068687063;0.393343786919155;0.1028727591026719;0.3723782735991663;0.7734806629834253;0.0;0.1315345209110047;0.4902384507340271;0.3375376353861153;0.2639854627918699
O=C(CC)C(c1ccccc1)(c2ccccc2)CC(N(C)C)C;0;0.0;0.0;0.0;0.0;0.5951109772064181;0.4488558295723147;0.0;0.1020306655902272;0.0;0.0;0.0;0.797630425197018;0.5047647136576614;0.0;0.2304395268306174;0.0;0.0;0.8403580338665808;0.3725395455731706;0.3120706795683713;0.4550706812608418;0.45231803987509;0.0;0.294649883683824;0.6282971326032367;0.6698235510872713;0.3369643199505414
O=C1c3ccccc3(N=C(N1c2ccccc2C)C);1;0.0;0.0;0.0;0.0752855802533812;0.8568886210795031;0.4840552536672383;0.0;0.3125989795073021;0.0;0.0;0.0;0.6754039096820018;0.4137235361376771;0.0;0.0;0.0;0.0;0.8510799842736094;0.4912120068062873;0.3944593321793548;0.5294067975183714;0.563826693806339;0.6666666666666666;0.2650485366873244;0.6520629282197694;0.3993725959361571;0.6100570571605948
O=C1NC(=O)C(C(=O)N1C)(CC)CC;1;0.1569489433904057;0.0;0.0;0.2282663452954039;0.0;0.2276333990598927;0.0;0.0;0.0;0.0;0.0;0.6648374392443597;0.504458823774674;0.0;0.1303142248448896;0.0;0.0;0.6703515858797356;0.4840152001377698;0.0;0.5888340559559472;0.6022099447513811;0.0;0.3036099792680964;0.934055997571948;0.8117527840177083;0.6358545818779312
O=C(O)C3N2C(=O)C(NC(=O)c1c(OC)cccc1(OC))C2SC3(C)(C);0;0.0;0.0;1.0;0.5282663452954038;0.0;0.1986006963228661;0.0;0.2679293267266334;0.0;0.0;0.0;0.7625502629285213;0.5060798527792112;0.0;0.0877743108409174;0.0;0.0;0.7707090235416908;0.8305386322384163;0.5022322432601642;0.4218673452531146;0.6455588610284743;0.0;0.2718669464780297;0.2235897753107162;0.6109229338086858;0.7529243517278982
C1=CN(C(N1)=S)C;1;0.2042708435582105;0.0;0.0;0.0;0.3298028087039673;0.1780358540795626;0.0;0.0;0.0;0.0;0.0;0.4635483956789473;0.504458823774674;0.0;0.3594783711061455;0.0;0.0;0.1677503765825015;0.4920184920347726;0.4821241726252702;0.4652181286403332;1.0;0.0;0.0;0.4841287809919096;0.5225589457337686;0.404457989077742
O=S(=O)(N)c1cc2c(cc1Cl)NC(N(C)S2(=O)(=O))CCl;1;0.1489488306188024;0.0;0.0;0.0;0.0;0.3119241124985989;0.0;0.3125935496693641;0.0;0.0;0.0;0.785697680844437;0.4883271866226006;0.0;0.1303142248448896;0.0;0.0;0.5199926509833196;0.2983438193848168;0.6273412828210192;0.1054386039613485;0.7580110497237568;0.0;0.0;0.4181775390832192;0.7288213870032103;0.5656465191320104
O=C(NCCN(CC)CC)c1cc(c(N)cc1(OC))Cl;0;0.0;0.0;0.0;0.1;0.0;0.2973738506038126;0.0;0.4405936584007013;0.0;0.0;0.5;0.7920877565045872;0.4186559510089571;0.0;0.3541997476552713;0.0;0.3333333333333333;0.5963055228917183;0.466749687472074;0.6033838908790795;0.5324039052387177;0.7580110497237568;0.0;0.6754159554522934;0.7500302680468015;0.5065811347451532;0.5850941808554209
O=C1c3cc(c(cc3(NC(N1c2ccccc2C)C))Cl)S(=O)(=O)N;1;0.1489488306188024;0.0;0.0;0.0807717316732214;0.5235552877461699;0.3234580099523132;0.0;0.3066289950373846;0.0;0.0;0.0;0.9200890046750068;0.2437244124090958;0.0;0.1051620074828332;0.0;0.0;0.6566360517804168;0.2427896648026488;0.5030232774010825;0.3810169196252274;0.6961325966850828;0.3333333333333333;0.1344646628073934;0.6900151755753058;0.5101757739435335;0.6011655556785099
OC(COc1ccc(cc1)CCOC)CNC(C)C;1;0.0;0.0;0.0;0.1172002528208457;0.5235552877461699;0.4236113724208843;0.0;0.1244885966328238;0.0;0.0;0.0;0.7377375537002568;0.4559128627466653;0.0;0.3641940805171259;0.0;0.0;0.4821351446137437;0.5519989584938465;0.4657046736224805;0.4704173971498735;0.6859552195405639;0.0;0.4537839675422709;0.4221994263341047;0.4253910399131099;0.2720761680435501
O=[N+]([O-])c1cnc(n1CCO)C;0;0.0;0.0;0.0;0.1141331726477019;0.0;0.0959216391125749;0.0;0.1244885966328238;0.0;0.0;0.0;0.4833767613035502;0.504458823774674;0.0;0.1280226219984588;0.0;0.0;0.8184864739895932;0.4336657935840809;0.0;0.4166410427010335;0.9668508287292816;0.0;0.1377041313975109;0.6367150866303043;0.3242754532539739;0.7875971187931253
Oc5ccc4c1c5(OC2C(O)C=CC3C(N(C)CCC123)C4);1;0.1715255283047971;0.0;0.0;0.1;0.1667992698961247;0.0961698997030838;0.0;0.0;0.0;0.0;0.5;0.7245858739565424;0.7395869756542205;0.0;0.4241361267818372;0.0;0.0;0.6650439314594959;0.3456867074521186;0.2785348829462241;0.4323079485243075;0.8232044198895027;0.0;0.4186931194421778;0.6080895858761419;0.6141818773294723;0.3788528089708861
O=C(OCC)C2(c1ccccc1)(CCN(C)CC2);1;0.0;0.0;0.0;0.0;0.5117776438730849;0.2730093117220943;0.0;0.2265192622230511;0.0;0.0;0.0;0.8064733537054241;0.5904977377644132;0.0;0.0;0.0;0.0;0.6865466243135644;0.4099367272242006;0.3132079056030281;0.4095272659745518;0.6832412523020257;0.0;0.1562039419620583;0.6248972521246483;0.6809345355239251;0.72696279710938
O=C(O)C4N3C(=O)C(NC(=O)c2c(OCC)ccc1ccccc12)C3SC4(C)(C);0;0.0;0.0;1.0;0.3282663452954039;0.5117776438730849;0.2212748879478734;0.0;0.229316603604371;0.0;0.0;0.0;0.7590115431658156;0.4570055541390207;0.0;0.0877743108409174;0.0;0.0;0.7644265412528354;0.4905123016740188;0.4989203484633454;0.3697683691482952;0.7188035816345969;0.0;0.4236719361120779;0.3377636524645139;0.5174278458475551;0.7529243517278978
Oc6ccc5c1c6(OC2C(O)CCC3(O)(C(N(CCC123)CC4CCC4)C5));1;0.1715255283047971;0.0;0.0;0.1;0.0833333333333333;0.2142605413359141;0.0;0.3225796586643964;0.0;0.0;0.0;0.7865202731248706;0.6503474241217296;0.0;0.3356015343134507;0.0;0.0;0.7013865006258031;0.2422878006478166;0.3902202801152652;0.3866896530658295;0.75265618359541;0.0;0.4395434525071112;0.7259607784187357;0.4456501484045548;0.3790232920072794
O=C(O)C1=CN(c2nc(ccc2(C1(=O)))C)CC;1;0.0;1.0;0.0;0.2752855802533812;0.1902219544128365;0.2184587666664671;0.0;0.1014886442969607;0.0;0.0;0.0;0.9126546244655764;0.572760627372686;0.0;0.3408801577643248;0.0;0.0;0.7437963729276337;0.3859071046622203;0.2175176780310074;0.6897318239224506;0.8167045823854401;0.0;0.4155935525965701;0.7537461638107875;0.514589079911424;0.7836643320776716
Oc5ccc4c1c5(OC2C(O)C=CC3C(N(CC=C)CCC123)C4);1;0.1715255283047971;0.0;0.0;0.1;0.2502652064589161;0.1251197906141373;0.0;0.0;0.0;0.0;0.0;0.871185283187666;0.5857585315685767;0.0;0.5451512449558166;0.0;0.0;0.6913224519082911;0.3475347158369287;0.3749166889767666;0.4316293902441343;0.8558731683881814;0.0;0.4186931194421778;0.6560998841805524;0.4919577413465931;0.3788528090631762
O=C1CCC5(O)(C4N(CC=C)CCC25(c3c(OC12)c(O)ccc3C4));0;0.0;0.0;0.0;0.1;0.1667992698961247;0.2199649124831709;0.0;0.2075671287620653;0.0;0.0;0.0;0.8508929540258615;0.6541118557755243;0.0;0.5753401678149784;0.0;0.0;0.6881527351941226;0.3065076536238614;0.3190657723671344;0.3235386734598131;0.8508287292817679;0.0;0.7431534317752077;0.6659382461035283;0.4887941503431454;0.3989688853819778
O=C(O)C(c1ccc2cc(OC)ccc2(c1))C;1;0.0;0.0;0.0;0.2313334254685476;0.5;0.2149244620062657;0.0;0.2454713956840367;0.0;0.0;0.0;0.9532518114295362;0.5760093417781584;0.0;0.0;0.0;0.0;0.5047209832549971;0.5023926054523262;0.4458144070307104;0.3504330664320602;0.6529086772830678;0.0;0.0;0.4491859804455063;0.647203865774141;0.7132149329077376
O=C(O)c1cnccc1;0;0.0;0.5;0.0;0.1;0.0;0.1562164130611688;0.0;0.1048280069715471;0.0;0.0;0.0;0.5914514723079051;0.504458823774674;0.0;0.2291641462612559;0.0;0.0;0.4889149850056958;0.5052659550994522;0.0;0.4031286955193115;0.9410681399631676;0.0;0.0;0.5216126434146777;0.417657997893277;0.7745144784834281
O=C(N)c1cnccc1;0;0.1661855283731985;0.5;0.0;0.3021508178070826;0.0;0.3933681621852096;0.0;0.1048280069715471;0.0;0.0;0.0;0.5623666382583451;0.504458823774674;0.0;0.2291641462612559;0.0;0.0;0.5024462096619383;0.5062604378642289;0.0;0.4404757888066203;0.9410681399631676;0.0;0.1315345209110047;0.3717922492416118;0.4418413199508658;0.5738260348046725
O=C1Oc3ccccc3(C(O)=C1C(c2ccc(cc2)[N+](=O)[O-])CC(=O)C);1;0.0;0.0;0.0;0.4;0.0;0.1981945596449771;0.0;0.299082964719572;0.0;0.0;0.0;0.3686767181582547;0.4295479907434048;0.0;0.452486946598812;0.0;0.0;0.6319000947816629;0.0907201502446909;0.4821241726252702;0.4050498034446341;0.6634084147896302;0.3333333333333333;0.2588789262008182;0.5584291928212047;0.382957681145003;0.7897568738227196
O=C(N)NN=Cc1oc(cc1)[N+](=O)[O-];0;0.3140455339436064;0.0;0.0;0.0;0.0745337824087842;0.3635706397478105;0.0;0.2314012019594117;0.0;0.0;0.0;0.3448384986384316;0.4946560064883897;0.0;0.0;1.0;0.0;0.5781792221383051;0.3559283995528156;0.6559065934065936;0.3688723877817927;0.9337016574585634;0.0;0.0;0.2286086422441348;0.3723795016938007;0.919463182714828
O=C4C=C3CCC2C(CCC1(C)(C2(CCC1(O)(C#C))))C3CC4;1;0.8430510566095942;0.0;0.0;0.0;0.0834659365627913;0.1942765520790472;0.0;0.0;0.0;0.0;0.0;0.7139599707266491;0.417685287464381;0.0;0.2188488173132762;0.0;0.0;0.5633085662156707;0.5079525740430122;0.4741644703846053;0.3151581487627023;0.734806629834254;0.0;0.6963900207319034;0.5343843430489952;0.457269439391786;0.3556308770580326
O=C1CC3=C(CC1)C4CCC2(C)(C(CCC2(O)(C#C))C4(CC3));1;0.6715255283047972;0.0;0.0;0.0918688972687333;0.0;0.274098950629473;0.0;0.0;0.0;0.0;0.0;0.5240338807770701;0.3950676238590427;0.0;0.3375723326408247;0.0;0.0;0.5699093249923753;0.5130910795582996;0.5165234475994316;0.3232096283372136;0.734806629834254;0.0;0.5564752685785163;0.5105831403189535;0.4757799524010668;0.3131406530966504
O=C4C=C3CCC2C(CCC1(CC)(C2(CCC1(O)(C#C))))C3CC4;1;0.8430510566095942;0.0;0.0;0.0;0.0834659365627913;0.1917960572577446;0.0;0.0;0.0;0.0;0.0;0.7795266699532566;0.4454632244431181;0.0;0.2188488173132762;0.0;0.0;0.6475258598237582;0.5146835355484768;0.4671425590274748;0.348021972972404;0.7549843862599087;0.0;0.6963900207319034;0.6169235267897683;0.4462644769886197;0.3556308770580328
O=C1OCC(=C1)C3CCC4(O)(C5CCC6(O)(CC(OC2OC(C)C(O)C(O)C2(O))CC(O)C6(CO)(C5(C(O)CC34(C)))));0;0.8284744716952028;0.0;0.0;0.0;0.0951109772064182;0.2075202727743148;0.0;0.8976423081760512;0.0;0.0;0.0;0.0;0.5975423609088377;0.0;0.5593447410781285;0.0;0.0;0.6652644141238956;0.4835795496119444;0.5218294269265742;0.5152220808886596;0.6216143376903381;0.0;0.4554149689021446;0.5643029230657075;0.5121347836934484;0.7604484253651984
O=C(O)C4N3C(=O)C(NC(=O)c1c(noc1C)c2ccccc2)C3SC4(C)(C);0;0.0;0.0;1.0;0.3423995179431058;0.4166666666666666;0.1993562062267038;0.0;0.0;0.0;0.0;0.0;0.787761827005358;0.6291709902557647;0.0;0.1906447154773198;0.0;0.0;0.7349256444506566;0.4489207564125765;0.4901000748100888;0.3810826469509557;0.7182320441988949;0.0;0.2708066166700941;0.1985470279859228;0.4321785141191456;0.7529243517278981
Oc1c(cc(c(c1C)CC2=NCCN2)C)C(C)(C)C;1;0.1447006513109736;0.0;0.0;0.0;0.0951109772064182;0.3025035918330296;0.0;0.1233180106216422;0.0;0.0;0.0;0.9242354864469998;0.5503520996967034;0.0;0.2397386335015277;0.0;0.0;0.6832820655364473;0.3768874016947456;0.2454817846520709;0.4866514348522064;0.734806629834254;0.0;0.1359334732390148;0.3131011844090291;0.7021459826425503;0.2791251866519333
O=C1CCC5(O)(C4N(C)CCC25(c3c(OC12)c(O)ccc3C4));1;0.0;0.0;0.0;0.1;0.1801467954810119;0.1959842315667969;0.0;0.2075671287620653;0.0;0.0;0.5;0.7713540676652221;0.730288395227745;0.0;0.3333099314670198;0.0;0.0;0.6660171573383394;0.3357960520278151;0.2409312375696537;0.3367073778491307;0.819186338523355;0.0;0.5913484421411594;0.6170371875158275;0.6071283333034609;0.3989688852799474
O=C3N(c1ccccc1)N(c2ccc(O)cc2)C(=O)C3CCCC;1;0.1715255283047971;0.0;0.0;0.4;0.3451109772064182;0.2789713431215531;0.0;0.2143264370839529;0.0;0.0;0.0;0.9215773994506204;0.2468891900218879;0.0;0.0;0.0;0.0;0.7232939328378438;0.3683930366253646;0.5575509704415956;0.565407100068179;0.4640883977900552;0.3333333333333333;0.420734315248835;0.8430382450597091;0.1293016841816547;0.5936951182018501
O=C(O)CCNC(=O)C(O)C(C)(C)CO;0;0.1569489433904057;0.0;0.0;0.0;0.0;0.1580075398238046;0.0;0.2454713956840368;0.0;0.0;0.0;0.4064744113706243;0.3854075354515695;0.0;0.221140420159707;0.0;0.0;0.402848789844957;0.6244333760547671;0.4233904502415945;0.1959481565412579;0.703867403314917;0.0;0.0;0.4135490570221143;0.4491712769404742;0.7004053493701257
O=C1OC(C(=O)N1C)(C)CC;1;0.0;0.0;0.0;0.1141331726477019;0.0951109772064182;0.3620577827565631;0.0;0.0;0.0;0.0;0.5;0.5456192748509686;0.504458823774674;0.0;0.1303142248448896;0.0;0.0;0.6160180132798633;0.4971707326155608;0.0;0.2929811769519796;0.7769964841788045;0.0;0.1518049896340482;0.6745964556758977;0.769068005192513;0.9594602356104504
O=C1C=CC4(C(=C1)CCC3C4(C(=O)CC2(C)(C3(CCC2(O)(C(=O)CO)))))(C);1;0.8284744716952029;0.0;0.0;0.2003182477506993;0.2736878909756279;0.0633432181613266;0.0;0.0;0.0;0.0;0.0;0.8294246238610564;0.5201499610264466;0.0;0.4283985279556421;0.0;0.0;0.6264876176722292;0.6382136819663737;0.473322593516271;0.3614988366510294;0.734806629834254;0.0;0.3036099792680964;0.5338988559321206;0.5569649783237948;0.4351376128752352
O=C(O)C(N)C(C)(C)S;1;0.1661855283731985;0.0;0.0;0.2282663452954039;0.0;0.0777230404518389;0.0;0.0;0.0;0.0;0.0;0.4476386399638664;0.504458823774674;0.0;0.0877743108409174;0.0;0.0;0.2515904038408438;0.4920184920347726;0.4821241726252702;0.3811492868412237;0.7863720073664824;0.0;0.0;0.0134984044782062;0.6123740525180019;0.739065787954344
O=C(O)C3N2C(=O)C(NC(=O)Cc1ccccc1)C2SC3(C)(C);0;0.0;0.0;1.0;0.0;0.6068886210795031;0.1727767029318043;0.0;0.1209827990512129;0.0;0.0;0.0;0.8460602119320914;0.5018521862023086;0.0;0.0877743108409174;0.0;0.0;0.7208963711823807;0.3271826847076364;0.6415394581204616;0.3550850527986891;0.7146288734085995;0.0;0.0;0.1333359909743205;0.4434276288297205;0.7529243517009913
O=C(O)C3N2C(=O)C(NC(=O)COc1ccccc1)C2SC3(C)(C);0;0.0;0.0;1.0;0.628266345295404;0.0833333333333333;0.1933313442316581;0.0;0.0;0.0;0.0;0.0;0.7962766473513688;0.3861241590209784;0.0;0.0877743108409174;0.0;0.0;0.746062006225793;0.2158391805743985;0.6600670880925027;0.2827318204799799;0.734806629834254;0.3333333333333333;0.1359334732390148;0.1409095480692664;0.419527558497739;0.7529243517015198
Oc1ccc2c(c1)C3(C)(CCN(CC=C(C)C)C(C2)C3(C));1;0.1715255283047971;0.0;0.0;0.0;0.1666666666666666;0.2974704951489832;0.0;0.0;0.0;0.0;0.0;0.8920720629298068;0.7014670389243935;0.0;0.2327311296770482;0.0;0.0;0.5911737637965083;0.5611477742300173;0.375141402400103;0.4559567921454899;0.8232044198895027;0.0;0.4186931194421778;0.4101618015309701;0.6076793786029941;0.2638530731014237
O=C1NC(=O)C(C(=O)N1)(CC)C(C)CCC;1;0.3284744716952028;0.0;0.0;0.1141331726477019;0.1902219544128365;0.1851093498520614;0.0;0.0;0.0;0.0;0.0;0.7290068229331312;0.5538430586589007;0.0;0.0;0.0;0.0;0.7009913807312305;0.428181586768619;0.1632182921245422;0.9592839534890388;0.5607734806629834;0.0;0.1518049896340482;0.8746239570806387;0.5935638990784458;0.6362301131588081
OCCN1CCN(CC1)CCCN4c2ccccc2Sc3ccc(cc34)Cl;1;0.0;0.0;0.0;0.0;0.2449056661734704;0.2747448626642559;0.0;0.3388150337167768;0.0;1.0;0.0;0.8343494475720407;0.4053299228432649;0.0;1.0;0.0;0.0;0.6077180511322561;0.5273148689274801;0.5730049731978046;0.4967021910545361;0.5285451197053407;0.3333333333333333;0.0;0.6259288918423842;0.5559325044598801;0.128529359485891
O=C(Nc1ccc(OCC)cc1)C;0;0.0;0.0;0.0;0.0;0.4284443105397515;0.9400369067721338;0.0;0.1244885966328238;0.0;0.0;0.0;0.8112137058403963;0.60571040318615;0.0;0.233184629481292;0.0;0.0;0.7725986833220317;0.5793659452106916;0.696319645267014;0.4827774229865516;0.734806629834254;0.0;0.1562039419620583;0.3226821839877946;0.2582497443755247;0.5068937552925014
Oc1ccc3c(c1)C4(C)(CCN(CCc2ccccc2)C(C3)C4(C));1;0.1715255283047971;0.0;0.0;0.0;0.1666666666666666;0.2985657197670839;0.0;0.0;0.0;0.0;0.0;1.0;0.6555962164339936;0.0;0.2327311296770482;0.0;0.0;0.6360998966404171;0.5473464183288799;0.3849321660229979;0.4430168683611186;0.7154696132596684;0.0;0.4186931194421778;0.4577958361115471;0.5297873743616996;0.2638530731013153
N(=Nc1ccc(nc1(N))N)c2ccccc2;0;0.2964644750487253;0.5;0.0;0.2;0.4166666666666666;0.4775143786394035;0.0;0.1071632185419764;1.0;0.0;0.0;0.7861108088501285;0.353338126686963;0.0;0.0;0.0;0.6666666666666666;0.6027918955344225;0.4364528504982162;0.5674467155283166;0.4784792130268033;0.5607734806629834;0.0;0.2720141308580399;0.5132812600169003;0.1947861966961186;0.3510719878969844
O=C3OC(c1ccc(O)cc1)(c2ccc(O)cc2)c4ccccc34;1;0.0;0.0;0.0;1.0;0.1666666666666666;0.2268570900843273;0.0;0.1048280069715471;0.0;0.0;0.0;0.7319450887124666;0.4202535464688086;0.0;0.3086112139092072;0.0;0.0;0.7117911841997212;0.1707096058249665;0.4805875139353405;0.3642100838651275;0.3674033149171269;0.0;0.1315345209110047;0.6473635508273322;0.3334031057216454;0.7812326927186738
O=C1Oc3ccccc3(C(O)=C1C(c2ccccc2)CC);1;0.0;0.0;0.0;0.3;0.5951109772064183;0.1166796805576988;0.0;0.2063166512685078;0.0;0.0;0.0;0.7672690721815995;0.4788200302923714;0.0;0.109424408656638;0.0;0.0;0.8161188329969776;0.4891530611951681;0.4757369608900946;0.605527060343718;0.6022099447513811;0.3333333333333333;0.5426810907295114;0.8813857115106414;0.3826591944498703;0.7897235869218135
Oc1cccc(c1)C(O)CNC;1;0.0;0.0;0.0;0.5161761545772144;0.0;0.250553424296089;0.0;0.1150125299023309;0.0;0.0;0.5;0.6161390955275571;0.4917521180097963;0.0;0.1210151181739793;0.0;0.0;0.6759488768327822;0.4747890834843143;0.4023157586506005;0.4530050904207661;0.8508287292817679;0.0;0.1547351315304368;0.5463760907821855;0.5742485492348782;0.2639850281491586
OC(c1ccccc1)C(N)C;1;0.1661855283731985;0.0;0.0;0.1141331726477019;0.4166666666666666;0.2657982353269809;0.0;0.1150125299023309;0.0;0.0;0.0;0.6735901848443826;0.5508072808279276;0.0;0.1117160115030689;0.0;0.0;0.5803441294844393;0.49862283110653;0.1421119346066502;0.4048421437274314;0.6504269211451531;0.0;0.0;0.550503906826608;0.339255570000242;0.2139643149407645
O=C1NC(=O)C(N1)(c2ccccc2)c3ccccc3;1;0.0;0.0;0.0;0.0;0.8333333333333333;0.2134032787321843;0.0;0.0;0.0;0.0;0.0;0.8491882504835403;0.5643690355870471;0.0;0.0;0.0;0.0;0.7585279205591532;0.4760416876714477;0.2640775353712887;0.6647944851805574;0.3684210526315788;0.0;0.0;0.6507323212050418;0.4516133961217737;0.7258945017632357
OC(COc1cccc2[nH]ccc12)CNC(C)C;1;0.0;0.0;0.0;0.0;0.6086809692520719;0.4851703671800863;0.0;0.0;0.0;0.0;0.0;0.7609245023350295;0.5535930120019792;0.0;0.5489125698835605;0.0;0.0;0.5258071356797036;0.563057699030056;0.4808749935510501;0.4816947644571167;0.8121546961325966;0.0;0.4537839675422709;0.5172537645032689;0.3161518269202321;0.2936406227162897
N1CCNCC1;0;0.0;0.0;0.0;0.0;0.0;0.2819174506804466;0.0;0.0;0.0;0.0;0.0;0.3371806301862636;0.504458823774674;0.0;0.4840604726959172;0.0;0.0;0.4406066761650844;0.4920184920347726;0.4821241726252702;0.4754609078707742;0.2707182320441988;0.0;0.0;0.4253475068115063;0.2181264694950836;0.0154771829887858
O=C(O)CC(O)(C(=O)O)CC(=O)O;0;0.0;0.0;0.0;0.0;0.0;0.4505588425288351;0.0;0.2419655981024259;0.0;0.0;0.0;0.3695822316945946;0.5102488413045075;0.0;0.0;0.0;0.0;0.5316491606323448;0.3542989594688194;0.0;0.3832985593081648;0.3778155546111347;0.0;0.0;0.0;0.2184675185311571;0.7737324310212116
O=C(O)C(O)C(O)C(O)C(O)CO;0;0.0;0.0;0.0;0.0;0.0;0.1409196855257983;0.0;0.1244885966328238;0.0;0.0;0.0;0.1645412627573352;0.5334893506739847;0.0;0.0;0.0;0.0;0.5213822213962434;0.5304605735240726;0.104247791031272;0.3774649373424248;0.5206119847003825;0.0;0.0;0.6960855603184186;0.1139697425596666;0.7701732463298389
O=C1C=CC3(C(=C1)CCC2C4CCC(O)(C(=O)CO)C4(C)(CC(O)C23))(C);1;0.8284744716952029;0.0;0.0;0.2003182477506993;0.1785769137692096;0.0513945376130299;0.0;0.1150125299023309;0.0;0.0;0.0;0.713346465065605;0.5555191314681016;0.0;0.3096750126280936;0.0;0.0;0.6611554039190698;0.7012402579367709;0.4413268555604048;0.3896144202418757;0.75265618359541;0.0;0.3036099792680964;0.5581244050960925;0.5599355558455678;0.4351084060391003
O=C2NCNC(=O)C2(c1ccccc1)CC;1;0.0;0.0;0.0;0.0;0.5117776438730849;0.2354846678025816;0.0;0.1256532221920715;0.0;0.0;0.0;0.735261152824716;0.5441813176456206;0.0;0.0;0.0;0.0;0.803353169600104;0.4730172935663465;0.1413619351530536;0.5487169931348179;0.5897790055248618;0.0;0.1518049896340482;0.8746403628243964;0.7015005552605522;0.5537908330041735
O=C(O)c1ccc(cc1)S(=O)(=O)N(CCC)CCC;1;0.0;0.0;0.0;0.0;0.1902219544128365;0.116663354113516;0.0;0.1970699860139737;0.0;0.0;0.0;0.8914156675943231;0.4712916431912409;0.0;0.2420302363479586;0.0;0.0;0.764188613861149;0.7727142566039928;0.3547473556494337;0.1628735537448359;0.5394009886594939;0.0;0.3094702630608737;0.6928123085954709;0.5512221622141441;0.7708722850080703
O=C(OCCN(CC)CC)c1ccc(N)cc1;0;0.0;0.0;0.0;0.4;0.0;0.2985240455313078;0.0;0.1048280069715471;0.0;0.0;0.5;0.596567905520432;0.4916765025976852;0.0;0.2261771256568125;0.0;0.3333333333333333;0.4569958193755375;0.3821286506356648;0.931057346741309;0.4126329379626879;0.6529086772830678;0.0;0.4222031256804564;0.6401557224924418;0.4445159127764375;0.7766107138571936
O=C(NC(C)C)c1ccc(cc1)CNNC;1;0.0;0.0;0.0;0.0;0.6203687498938484;0.388800270980241;0.0;0.0;0.0;0.0;0.0;0.6577369886694305;0.6010221644353708;0.0;0.3356015343134507;0.0;0.0;0.5761904498237396;0.5437938669584481;0.4501968831456939;0.5038916214921823;0.6767955801104971;0.0;0.1315345209110047;0.5146423909536568;0.5056073360010813;0.5766216362544909
c1ccc3c(c1)N(c2cc(ccc2S3)Cl)CCCN4CCN(C)CC4;1;0.0;0.0;0.0;0.0;0.2449056661734704;0.428702901303657;0.0;0.2143264370839529;0.0;0.0;0.5;0.8169336190979472;0.4142144447049387;0.0;0.8789848818260206;0.0;0.0;0.5736423134095644;0.539175639791982;0.5492040853882961;0.4854909641428044;0.5862983425414363;0.3333333333333333;0.0;0.5894904158704487;0.6421863623075965;0.128529359485891
c1ccc3c(c1)N(c2ccccc2S3)CC(N(C)C)C;1;0.0;0.0;0.0;0.0;0.1615723328401371;0.5791310249147682;0.0;0.2143264370839529;0.0;0.0;0.5;0.8903068215070752;0.1316083990236994;0.0;0.4137699566602325;0.0;0.0;0.5628180103006586;0.4697789574644987;0.5721054270941465;0.4680343042932928;0.4795580110497237;0.6666666666666666;0.1428448940497758;0.6464931440254841;0.6951568408482993;0.1252079187395116
O=C(OC(c1ccccc1)(Cc2ccccc2)C(C)CN(C)C)CC;1;0.1715255283047971;0.0;0.0;0.0;0.5951109772064183;0.6281159407823392;0.0;0.0;0.0;0.0;0.0;0.6849723115014925;0.2857401552712812;0.0;0.4678865574857143;0.0;0.0;0.8304268393995334;0.5038374601633726;0.4697322359581239;0.4210038268161551;0.549171270718232;0.0;0.3036099792680964;0.5265073315476037;0.636775586231452;0.703360681898095
O=C1C=C(NC(N1)=S)CCC;1;0.0;0.0;0.0;0.1;0.0;0.3574724041637683;0.0;0.0;0.0;0.0;0.0;0.6671843817131199;0.5327046619213512;0.0;0.2174524777670303;0.0;0.0;0.7057174728406861;0.4685748500936065;0.124920658066287;0.5135447365404978;0.8613761928679055;0.0;0.1128004533347783;0.5487972813840702;0.130573712261344;0.5775157007912458
n1ccccc1N(Cc2ccc(OC)cc2)CCN(C)C;1;0.0;0.5;0.0;0.1172002528208457;0.4184590148392354;0.3510202176263282;0.0;0.1339646633633167;0.0;0.0;0.5;0.8254793993881498;0.3907996384381544;0.0;0.4776274276525659;0.0;0.0;0.5091332884695582;0.384681949766928;0.5808702589057462;0.4540185560769668;0.6243093922651932;0.0;0.0;0.3644020896247606;0.7498401953425841;0.293640494971185
Oc1c(ncc(c1CO)CO)C;0;0.0;0.5;0.0;0.1141331726477019;0.0;0.0430298327779626;0.0;0.3562636726085991;0.0;0.0;0.0;0.5733902073897521;0.5279956951858423;0.0;0.3203228824034327;0.0;0.0;0.7612651563688472;0.543602891910943;0.0;0.4304591510674526;0.734806629834254;0.0;0.3976883679762672;0.7141161919628661;0.5056374358599778;0.3255632647253392
O=C1NC(Nc2cc(c(cc12)S(=O)(=O)N)Cl)CC;1;0.1489488306188024;0.0;0.0;0.0;0.0951109772064182;0.3112604305704393;0.0;0.4228061504989633;0.0;0.0;0.0;0.7871272217016917;0.4541022277634415;0.0;0.0;0.0;0.0;0.5284427086517108;0.2104653337507954;0.5134876779613626;0.3275635750752791;0.7605893186003682;0.0;0.2862696524414416;0.7693734599273823;0.487858965514945;0.5847894260526872
OC(c2ccnc1ccc(OC)cc12)C3N4CCC(C3)C(C=C)C4;1;0.3430510566095943;0.5;0.0;0.2193510706279283;0.3333333333333333;0.2083596306232427;0.0;0.3529243099340127;0.0;0.0;0.0;0.9487793826243714;0.4440719214009633;0.0;0.4469066054339608;0.0;0.0;0.615658517776618;0.4837000635775895;0.5659985987921212;0.4574137948752331;0.8701657458563533;0.0;0.2798295043067743;0.5674253821910711;0.4917300247941615;0.2724642361628908
O=[N+]([O-])C=C(NC)NCCSCc1oc(cc1)CN(C)C;0;0.0;0.0;0.0;0.310062953985379;0.3602935909620239;0.2913395404418519;0.0;0.3244810951947988;0.0;0.0;0.0;0.3138491444558432;0.4159135659331687;0.2857142857142857;0.357701867201607;1.0;0.0;0.6378374381896994;0.4189990011967313;0.3935582456885176;0.6824248331058744;0.8232044198895027;0.0;0.2923581592679826;0.4404015570413795;0.6125472950264277;0.6287482005508811
O=C(OC3CC4CN2CCc1c5ccc(OC)cc5([nH]c1C2CC4(C(C(=O)OC)C3(OC))))c6cc(OC)c(OC)c(OC)c6;1;0.5145765849143915;0.0;0.0;0.4344005056416914;0.1666666666666666;0.1595750038824923;0.0;1.0;0.0;0.0;0.0;0.300293399116582;0.6795517469694029;0.0;0.7925450320309507;0.0;0.0;0.724061606274037;0.676031250207722;0.5301639960657741;0.3688602575386581;0.5765946760421898;0.0;0.5596054093510927;0.6223012993880013;0.659756789544183;0.7780113042406116
Oc1cccc(O)c1;0;0.0;0.0;0.0;0.1;0.0;0.4594119260063155;0.0;0.0;0.0;0.0;0.0;0.4945908442122032;0.504458823774674;0.0;0.1121695113073127;0.0;0.0;0.5513091035515617;0.4920184920347726;0.4821241726252702;0.5791428030135556;0.5027624309392265;0.0;0.0;0.1865938887282758;0.1168385306083361;0.2716319874571646
O=C(N)c1ncn(n1)C2OC(CO)C(O)C2(O);1;0.1661855283731985;0.0;0.0;0.0;0.0;0.2172508356993624;0.0;0.1244885966328238;0.0;0.0;0.0;0.3894223153622106;0.4264251348592469;0.0;0.0;0.0;0.0;0.579370448460273;0.521902699928698;0.7313094347594217;0.4027445676516622;0.8440038999025022;0.0;0.0;0.6507465664219083;0.2864303086660558;0.6617546566127886
O=C3N=C2C(=Nc1cc(c(cc1N2CC(O)C(O)C(O)CO)C)C)C(=O)N3;0;0.0;0.0;0.0;0.2;0.1902219544128365;0.168192943102447;0.0;0.4557008405911961;0.0;0.0;0.0;0.2421980570042678;0.2824330853896908;0.0;0.0;0.0;0.0;0.5279140828091266;0.6190992378830071;0.7507729771539582;0.6356598061503037;0.6144874155923878;0.0;0.2608584210661332;0.6330725589411482;0.4638506462007019;0.8037863917367432
O=C(O)CCCCCCCC=CCC(O)CCCCCC;0;0.0;0.0;0.0;0.0;0.0;0.1837010826442469;0.0;0.1150125299023309;0.0;0.0;0.0;0.2407388203404325;0.5034454804598845;1.0;0.1187235153275484;0.0;0.0;0.5250057834898482;0.5004569403320752;0.581728106326383;0.4532623760312621;0.5580110497237568;0.0;0.1518049896340482;0.5930755135907309;0.1718277670896306;0.6962683855978367
Oc1ccc(cc1)CCNC(C)C(O)c2ccc(O)cc2;0;0.0;0.0;0.0;0.6000000000000001;0.2617776438730849;0.2712571124508358;0.0;0.1150125299023309;0.0;0.0;0.0;0.6661174896571505;0.6153454367002147;0.0;0.1117160115030689;0.0;0.0;0.5144761344224761;0.6154249332845696;0.5203114542619699;0.3572740111583866;0.4696132596685082;0.0;0.0;0.4813248640542101;0.3380135733955539;0.2631760916296045
O=C1NC(=O)C(C(=O)N1)(CC=C)C(C)CCC;1;0.3284744716952028;0.0;0.0;0.1001591238753496;0.1902219544128365;0.2009767025011288;0.0;0.0;0.0;0.0;0.0;0.5407848320675728;0.4886785863430444;0.0;0.0;0.0;0.0;0.7217425189091122;0.4858397647827764;0.2166452391687224;0.9628817366384548;0.6529086772830678;0.0;0.0;0.8205035877763112;0.5677076269707882;0.6362060140108685
O=C1CC(OC2OC3C(O)C(NC)C(O)C(NC)C3(OC12(O)))C;0;0.0;0.0;0.0;0.3464854818021307;0.0;0.2926189722175439;0.0;0.4577089475869608;0.0;0.0;1.0;0.2838940037154276;0.528854149084976;0.0;0.1187235153275484;0.0;0.0;0.6773445993574884;0.5611625890508489;0.509500537222044;0.5002803741885008;0.6137400912803266;0.0;0.0;0.7538095873101229;0.4108463879898029;0.6425405477353939
O=C1OC3(CC1)(CCC2C5C(CCC23(C))C4(C(=CC(=O)CC4)CC5SC(=O)C)(C));1;0.8284744716952029;0.0;0.0;0.1141331726477019;0.0834659365627913;0.2567818378666909;0.0;0.0;0.0;0.0;0.0;0.5553974309512986;0.236082118804747;0.0;0.5626683721511113;0.0;0.0;0.6090090205561803;0.4229588092950044;0.6293715742419427;0.3765703095855176;0.6547913888359688;0.0;0.7233542357282577;0.3894522964536234;0.5188801966067749;0.7035773239057256
O=C(NS(=O)(=O)c1ccc(N)cc1)c2ccccc2;1;0.0;0.0;0.0;0.3;0.0648671438655291;0.274556507270737;0.0;0.0922419790424266;0.0;0.0;0.0;0.8861245577823064;0.4535803814407625;0.0;0.2080324121192356;0.0;0.3333333333333333;0.5263769481063113;0.2715887104780519;0.4549126602354185;0.604491513689129;0.514975283512649;0.0;0.1344646628073934;0.5829965009840099;0.3995430415247151;0.6078179411705751
O=C(NS(=O)(=O)c1ccc(N)cc1)C;1;0.0;0.0;0.0;0.0;0.0648671438655291;0.5270259044769247;0.0;0.0922419790424266;0.0;0.0;0.0;0.6981721161768991;0.4798423444966375;0.0;0.233184629481292;0.0;0.3333333333333333;0.5848333007695896;0.2768633347294572;0.2785536949712666;0.7056958191630851;0.6353591160220994;0.0;0.1344646628073934;0.3767078115655708;0.420849971727027;0.6056000593198967
O=S(=O)(Nc1noc(c1)C)c2ccc(N)cc2;1;0.0;0.0;0.0;0.1141331726477019;0.0;0.4783328340504754;0.0;0.0922419790424266;0.0;0.0;0.0;0.8550321608734391;0.4225737284801073;0.0;0.217331518790146;0.0;0.3333333333333333;0.5437054539945136;0.2817305826624413;0.4075948004152177;0.4351257308011749;0.707507312317192;0.0;0.2706519533232296;0.3542103927884142;0.3613271764412216;0.6035284461468242
O=C(O)c3cc(N=Nc1ccc(cc1)S(=O)(=O)Nc2ncccc2)ccc3(O);1;0.2964644750487253;0.5;0.0;0.2;0.0;0.3230918733322441;0.0;0.3065684161263796;1.0;0.0;0.0;0.5151815254159852;0.3315625596461654;0.0;0.1145820731306279;0.0;0.0;0.5766367836952668;0.3770233299523794;0.4168042370515149;0.4608128298753356;0.5690607734806629;0.0;0.1344646628073934;0.5189994017319023;0.3060217118987255;0.7798031483745084
O=S(=O)(Nc1nccs1)c2ccc(N)cc2;1;0.0;0.0;0.0;0.088686733093292;0.0;0.4096155283419267;1.0;0.0922419790424266;0.0;0.0;0.0;0.8673811476089551;0.4452872801807778;0.0;0.3192235557186277;0.0;0.3333333333333333;0.4958117966822473;0.2689145476732013;0.3041972378232858;0.3424440185094302;0.7058011049723756;0.0;0.2557881051308898;0.5346375975309478;0.3745210538112927;0.6047364254668166
O=C(O)CC=2c3cc(F)ccc3(C(=Cc1ccc(cc1)S(=O)C)C=2C);1;0.0;0.0;0.0;0.4031221670715325;0.3452435804358763;0.3226050770898071;0.0;0.1209827990512129;0.0;0.0;0.0;0.9585366820767136;0.5090522858530291;0.0;0.405879320409181;0.0;0.0;0.6714188529712797;0.5185717641929064;0.3749633456584123;0.4265134833830606;0.6605524861878452;0.0;0.2632972648557731;0.3062956190970983;0.4761016797762203;0.70667018821971
O=C1N(c3ccc(cc3(C(=NC1(O))c2ccccc2))Cl)C;1;0.1447006513109736;0.0;0.0;0.4161761545772144;0.4166666666666666;0.0594084223083384;0.0;0.2147842800688554;0.0;0.0;0.5;0.9511207783512782;0.5331706436893046;0.0;0.4289254980906344;0.0;0.0;0.7643783078924071;0.504467342974854;0.3976111066402628;0.3687757747278474;0.6906077348066297;0.0;0.3882519779616334;0.5835128948549256;0.5473913856167406;0.63909737230542
Oc1cc(O)cc(c1)C(O)CNC(C)(C)C;0;0.0;0.0;0.0;0.0;0.2853329316192548;0.3750877690006265;0.0;0.1150125299023309;0.0;1.0;0.0;0.6290252726536846;0.3330738582212419;0.0;0.3356015343134507;0.0;0.0;0.4584018370974813;0.413409141536607;0.502015912487106;0.6680616966484653;0.5607734806629834;0.0;0.2862696524414416;0.1075295325431638;0.3620858878645269;0.2724947436014422
OC(C)(C)C1CCC(O)(C)CC1;1;0.1715255283047971;0.0;0.0;0.0;0.2853329316192548;0.8080172531226629;0.0;0.2110729263436763;0.0;0.0;0.0;0.6324158807098476;0.701590133777982;0.0;0.0;0.0;0.0;0.3141172660308702;0.3379265521091836;0.0;0.422174030485013;0.580110497237569;0.0;0.1399147521533871;0.0706253354172997;0.4201046811296182;0.1405983602793575
O=C2c1[nH]cnc1N(C(=O)N2C)C;1;0.408541687116421;0.0;0.0;0.1161761545772144;0.0;0.1809983674527041;0.0;0.1192210184448485;0.0;0.0;0.0;0.5433372655027521;0.504458823774674;0.0;0.2606284496897793;0.0;0.0;0.7268721833109375;0.4997235727967477;0.0;0.3258178642608983;0.734806629834254;0.0;0.2639432263093864;0.7249143367970443;1.0;0.7628527395262917
OCCc1c([n+](cs1)Cc2cnc(nc2(N))C)C;0;0.0;0.0;0.0;0.2890301436044526;0.265919913496482;0.4291153390068276;1.0;0.1967244889999424;0.0;0.0;0.0;0.8413822448775862;0.4099292000114241;0.0;0.4834920546258025;0.0;0.3333333333333333;0.6686015075268625;0.4866238214747868;0.534845484165288;0.4394518553918519;0.8379373848987107;0.0;0.5817937206126426;0.445453638256586;0.4982258761734856;0.5166945703720663
n1c[nH]c2N=C(N)NC(c12)=S;1;0.0;0.0;0.0;0.0;0.0;0.502718314664038;0.0;0.1192210184448485;0.0;0.0;0.0;0.4648799489894787;0.504458823774674;0.0;0.0;0.0;0.3333333333333333;0.8231693590629122;0.5096638491656377;0.0;0.4719130982306374;0.903566047212456;0.0;0.5142931476948113;0.4446325229035115;0.6328106762593474;0.4591914587662228
O=C1N=C(NC(=O)C1(CC)C(C)CCC)S;1;0.4731751230061765;0.0;0.0;0.0;0.2853329316192548;0.1455601018881688;0.0;0.0;0.0;0.0;0.0;0.5694180831775882;0.6054146439031537;0.0;0.0;0.0;0.0;0.7037675842192749;0.4380657938400243;0.1617023327549643;0.6376213814122312;0.7638121546961325;0.0;0.1518049896340482;0.834929324225584;0.4161010692508558;0.6056002785151743
N1(CC1)P(N2CC2)(N3CC3)=S;1;0.0;0.0;0.0;0.0;0.0;0.0663932064648598;0.0;0.0;0.0;0.0;0.0;0.4132724435850614;0.504458823774674;0.0;0.7260907090438757;0.0;0.0;0.7318966454075567;0.4920184920347726;0.4821241726252702;0.4490945220854725;0.2707182320441988;0.0;0.0;0.3976916398028588;0.7762939029171629;0.3329863064725181
O=C(O)C(C(=O)NC2C(=O)N1C(C(=O)O)C(C)(C)SC12)c3ccsc3;0;0.0;0.0;1.0;0.5056398114819881;0.0;0.2082534281765611;0.0;0.0;0.0;0.0;0.0;0.46306810184073;0.523531847106813;0.0;0.0877743108409174;0.0;0.0;0.6903334685030638;0.6944244021118776;0.5624867824302056;0.6741920292788386;0.734806629834254;0.0;0.1315345209110047;0.1315326912095007;0.4827807784439005;0.7529243517010895
n1cc(c(nc1N)N)Cc2cc(OC)c(OC)c(OC)c2;1;0.0;0.0;0.0;0.4537515762696197;0.1666666666666666;0.1993898465274447;0.0;0.4018939900899501;0.0;0.0;0.0;0.9175845932532476;0.1598397934940364;0.0;0.3361759930945788;0.0;0.6666666666666666;0.8380054396554575;1.0;0.4453625113826334;0.4849376076495972;0.5580110497237568;0.0;0.6971548774017392;0.5260210849145467;0.8643083752110752;0.5084721040162383
OCC3OC(OC2C(O)C(OC1OC(CN)C(O)CC1(N))C(N)CC2(N))C(O)C(N)C3(O);1;0.8309276418659926;0.0;0.0;0.0;0.0;0.2632478436846194;0.0;0.5821975442197846;0.0;0.0;0.0;0.0435414631088015;0.3045321891693081;0.0;0.3444471411801172;0.0;0.0;0.6283270551758084;0.1731822601225864;0.671401191504937;0.5176626606380248;0.4012430939226519;0.0;0.0;0.6940975422183838;0.2673296545362831;0.425923492967511
O=C(NN1CCCCCC1)NS(=O)(=O)c2ccc(cc2)C;1;0.0;0.0;0.0;0.2825685697457268;0.1599781210719474;0.1682795978986202;0.0;0.0922419790424266;0.0;0.0;0.0;0.9667741681719088;0.4205972287862159;0.0;0.2420302363479586;0.0;0.0;0.5226202912664337;0.3882241288125801;0.6899498459121401;0.9056928234429658;0.5580110497237568;0.0;0.0;0.6960084109505396;0.480427843940347;0.6200112542126679
O=C(NCCCC)NS(=O)(=O)c1ccc(cc1)C;1;0.0;0.0;0.0;0.2;0.2550890982783656;0.2258023969382524;0.0;0.0922419790424266;0.0;0.0;0.0;0.849992251138855;0.3701977319502527;0.1428571428571428;0.1210151181739793;0.0;0.0;0.4952235453980481;0.4072723694840284;0.5669476019931488;0.795501259376482;0.6574585635359115;0.0;0.1547351315304368;0.7606741243419565;0.5846856821733446;0.7547563533707792
O=C(c1ccc(cc1)C)c2ccc(n2C)CC(=O)O;1;0.2042708435582105;0.0;0.0;0.5914617348305956;0.2617776438730849;0.2693048343335432;0.0;0.2282692783941644;0.0;0.0;0.0;0.9184526807882442;0.5228698960677298;0.0;0.3384675959410096;0.0;0.0;0.5898996892855737;0.6409149456321972;0.4894240325060369;0.4781042037093139;0.612678104100029;0.0;0.4007731732195204;0.3105324941392918;0.5177054349438072;0.7101228177744945
c1ccc(cc1)C;0;0.0;0.0;0.0;0.0;0.25;0.4898319372652014;0.0;0.0;0.0;0.0;0.0;0.4099617472780374;0.504458823774674;0.0;0.0;0.0;0.0;0.4370843844224854;0.4920184920347726;0.4821241726252702;0.4682730021590954;0.5359116022099447;0.0;0.0;0.15645513680148;0.3917973035559494;0.0894154658226993
n1c(nc(N)c2nc(c(nc12)N)c3ccccc3)N;1;0.0;0.0;0.0;0.0;0.4166666666666666;0.2303761030453356;0.0;0.0;0.0;0.0;0.0;0.572551683472344;0.4322463529079422;0.0;0.1028704046364024;0.0;1.0;0.7689761955789941;0.1993772734874421;0.4661357712028852;0.5633505353920634;0.4905495783658039;0.0;0.3985625524636441;0.6811021216909552;0.5604814152935278;0.5136308441133606
O=S(=O)(N)c1cc2c(cc1Cl)NC(NS2(=O)(=O))C(Cl)Cl;1;0.1489488306188024;0.0;0.0;0.0;0.0;0.3395189901544765;0.0;0.2018009880658374;0.0;0.0;0.0;0.6642435586729731;0.4396626250242802;0.0;0.0;0.0;0.0;0.5659122412717347;0.2213031583814392;0.3459459994457421;0.2757474256885072;0.6883977900552485;0.0;0.0;0.4906291463212315;0.551108494527052;0.5604975081785901
O=C1OC(C(=O)N1C)(C)C;1;0.0;0.0;0.0;0.2282663452954039;0.0;0.4780793088606082;0.0;0.0;0.0;0.0;0.5;0.452584473865148;0.504458823774674;0.0;0.1303142248448896;0.0;0.0;0.5460159663162423;0.4920184920347726;0.4821241726252702;0.2953570236212176;0.6883977900552485;0.0;0.0;0.2913546809915982;0.8590409544266502;0.9594361902391344
O=C(NCc1ccc(OCCN(C)C)cc1)c2cc(OC)c(OC)c(OC)c2;1;0.0;0.0;0.0;0.2;0.5269602576286906;0.2597181339374543;0.0;0.4018939900899501;0.0;0.0;0.5;0.6877836771758419;0.4981038258972897;0.0;0.344900640984361;0.0;0.0;0.6166460959469613;0.1750769187996103;0.4179019280765294;0.4420732104323459;0.5359116022099447;0.0;0.8502740141205445;0.5545185481609847;0.8205483924893384;0.5774352270125798
n1ccccc1N(Cc2ccccc2)CCN(C)C;0;0.0;0.5;0.0;0.0;0.2517923481725688;0.3785897072697499;0.0;0.0;0.0;0.0;0.5;0.8371056410651588;0.2107609745758544;0.0;0.4776274276525659;0.0;0.0;0.5429569826866549;0.4596744580087568;0.5793276244690103;0.4723489480159239;0.563826693806339;0.0;0.0;0.3625867761733973;0.7006922564220983;0.293640494673676
n1ccccc1C(=CCN2CCCC2)c3ccc(cc3)C;1;0.0;0.5;0.0;0.0;0.1684590148392354;0.4401878268386946;0.0;0.1072864793429514;0.0;0.0;0.0;0.9035646058193048;0.3242543140291782;0.0;0.3386460844143626;0.0;0.0;0.530695283263106;0.461682992247389;0.6868135486257501;0.4859245015402941;0.6685082872928176;0.0;0.0;0.4849753410884334;0.4850124277479098;0.1602340970079334
O=C(O)C(Cc1c(cc(c(NC(=O)CCC)c1I)I)I)CC;1;0.1715255283047971;0.0;0.0;0.0;0.2735552877461698;0.2403256608588418;0.0;0.2186699508626965;0.0;0.0;0.0;0.3567892075567902;0.2049604148319698;0.0;0.3167657353765536;0.0;0.0;0.5929689751381938;0.6207202922645887;0.6708223260854841;0.3476481814967949;0.6715218483174283;0.0;0.4554149689021446;0.6369291450529555;0.4794784196415337;0.7042904745085967
O=C(O)C(CCC)CCC;1;0.1715255283047971;0.0;0.0;0.0;0.1902219544128365;0.0574559362630097;0.0;0.11150673232072;0.0;0.0;0.0;0.6461354208743236;0.5658362178290566;0.0;0.0;0.0;0.0;0.8006723470096693;0.5128701101335158;0.0;0.3635390479846034;0.5955801104972375;0.0;0.0;0.7399579959894794;0.2724570745888592;0.7035285716325504
O=C1Oc3ccccc3(C(O)=C1C(c2ccccc2)CC(=O)C);1;0.0;0.0;0.0;0.4;0.4166666666666666;0.2961260039989363;0.0;0.2063166512685078;0.0;0.0;0.0;0.7815538940007226;0.4762855077626151;0.0;0.2281479239841865;0.0;0.0;0.7172620829084073;0.3521457128853344;0.4770995492308098;0.5671632379295647;0.6137400912803266;0.3333333333333333;0.2593415801844584;0.5831933169479312;0.3690676403399098;0.7897568731948723
N1=C(NCC1)Cc2c(cc(cc2C)C(C)(C)C)C;0;0.1447006513109736;0.0;0.0;0.0;0.0;0.5744269915713981;0.0;0.1233180106216422;0.0;0.0;0.0;0.9118373214736732;0.5921416977912985;0.0;0.2397386335015277;0.0;0.0;0.5722569652257822;0.5161534984664989;0.2192559950793648;0.4729421385037126;0.6316758747697973;0.0;0.0;0.1781354023513068;0.7068282960226568;0.2303304512010743
